name,nino,job,company,date_of_birth
Sharon Jones,ND668445u,Dancer,Walker PLC,2010-12-28
Amy Roberts,jt770170L,Video editor,"Herman, Henry and Taylor",2019-04-19
Andrew Meyer MD,vo988258X,Writer,Callahan Inc,1991-01-18
Shannon Hansen,yN415208H,Social researcher,Roberts Inc,1989-05-13
Julie Taylor,jg693774Y,"Civil engineer, consulting",Williamson-Bryant,2012-01-08
Melinda Scott,oV761633K,Sport and exercise psychologist,Gibson-Doyle,1982-10-15
Alejandra Soto,kC142912h,Public relations officer,Hawkins and Sons,1999-09-30
Amanda Frazier,ET573410f,Phytotherapist,Walker-Yang,2022-06-19
Lance Miller,fP911941Y,"Development worker, international aid",Evans-West,1951-01-31
Amanda Johnson,fi417397z,Agricultural engineer,Delgado-Osborne,1992-02-14
Scott Smith,cp261760J,Structural engineer,Moody-Adkins,2016-06-25
Lisa Middleton,db720549O,Contracting civil engineer,Davis-Contreras,2019-09-27
Cynthia Boyer,Ip307196r,Management consultant,"Novak, Scott and Kim",1912-03-05
Melinda Garcia,yZ660575d,"Psychologist, prison and probation services","Knight, Arias and Miller",1934-10-18
Megan Ruiz,VF839248H,Paramedic,"Bishop, Wheeler and Stewart",1994-08-31
Vanessa Owens,Mm951013U,Make,"Spencer, Carlson and Bentley",2003-08-11
Jose Black,ni955125h,Ambulance person,Torres-Duarte,1917-07-17
Whitney Cunningham,gg775945v,"Nurse, children's",Adams Group,1953-07-02
Christina Navarro,tQ465295h,Records manager,Yang-Thompson,1970-10-29
Crystal Anderson,cr179844n,Furniture designer,"Mcbride, Russell and Ryan",1947-11-02
Miss Meghan King MD,PK801563l,Customer service manager,Avery-Berg,1958-02-14
Janet Nash,qk116360S,Printmaker,"Shaw, Caldwell and Clark",2019-01-19
Mr. Gerald Gonzalez Jr.,HR419058H,Insurance broker,"Wang, Bell and Perry",1942-04-16
Nathan Zuniga,KS101108o,Ranger/warden,"Hubbard, Faulkner and Edwards",2005-05-24
Adam Rivera,PN440460E,Community education officer,"Gonzalez, Davis and Smith",1965-01-09
Martha Cross,nD769145A,Armed forces logistics/support/administrative officer,Torres-Stevens,1980-03-22
Cynthia Wilson,io475778O,"Journalist, magazine","Nichols, Thomas and Clark",1969-12-04
Allen Ellis,aL366418r,Arts development officer,Garcia LLC,1920-03-21
Amanda Benson,oD350986c,"Research officer, political party","Rodriguez, York and Mendez",1931-05-13
Catherine Edwards,KJ463311I,Psychiatrist,"Ramirez, Torres and Anthony",1931-08-12
Michael Phillips,ZP428601B,"Lecturer, higher education","Smith, Morgan and Bailey",1990-01-30
Angelica Gibson,aL674013K,Brewing technologist,Brooks-Brown,1989-07-16
Joseph Martin,jO231628q,Arts administrator,"Thomas, Ruiz and Collins",2000-05-23
Hayley Young,gu460882s,Animal nutritionist,Huber-Lewis,1927-01-15
Robert Yu,uo932470Z,"Surveyor, rural practice",Walters-Harris,1937-05-17
Dr. Kaylee Lopez,Ao649773j,Warden/ranger,"Cooper, Hutchinson and Martinez",1911-02-05
Joshua Wheeler,PX189235X,"Scientist, research (physical sciences)","Spears, Ross and Pruitt",2011-07-10
Jade Vargas,qe653173k,Copy,"Lopez, Murphy and Wilson",1922-11-28
Felicia Schneider,if796810z,Web designer,Ford-Cabrera,1985-07-12
Lisa Rogers,dt954398S,"Engineer, land","Burke, Flores and Conrad",1991-12-10
Rebecca Harris,eJ123441B,Museum/gallery curator,"Edwards, Nguyen and Moore",1965-08-28
Alfred Abbott,FI473736t,"Biochemist, clinical",Thompson Group,1940-08-02
Rachel Valencia,SL257612A,"Engineer, manufacturing",Torres-Krause,1992-12-18
Katherine Ross,SZ299892A,Trade union research officer,Valencia LLC,1964-01-01
Thomas Valdez,Gi678098T,Museum/gallery conservator,Wolf LLC,1950-09-15
Lacey Sanchez,Ah984161e,Warehouse manager,"Dodson, Lee and Garcia",1914-04-25
Linda Frederick,DM878231N,Corporate treasurer,Ayers-Roberts,2017-11-24
Kimberly Webb,mw296777Y,Chiropractor,"Edwards, Ballard and Jones",2005-07-02
George Montgomery,MD162557N,Optometrist,"Williams, Hartman and Rubio",1998-05-06
Brian Burnett,cq848021Q,"Engineer, land",Manning-Moore,1971-06-03
Kenneth Wilson,Qq519118w,"Lecturer, higher education",Salinas-Hill,1993-08-28
Michael Burns,jI915969l,Diagnostic radiographer,Jones Ltd,1998-01-28
Joshua Taylor,bL954109I,Metallurgist,"Ray, Case and Jones",1973-03-31
Olivia Smith,au368726m,Paramedic,"Morris, Schmidt and Turner",1985-12-06
Matthew Tapia,mJ963577Q,Insurance risk surveyor,Chavez-Bell,1934-09-28
Wayne Reynolds,wn930898y,Homeopath,"Castillo, Mckee and Lambert",1956-08-10
Connie Weeks,yQ608941M,Archivist,"Stephens, Miranda and Moore",1993-01-28
Cheryl Huber MD,uN564574f,Sports development officer,Martinez Inc,1937-05-15
Susan Cook,pk590329K,Astronomer,Hernandez-Jordan,1910-11-19
Roger Jackson,RP616843T,Hydrographic surveyor,"Osborne, Thomas and Simmons",1955-01-30
Matthew Perez,Zz702032z,Set designer,Norton-Robinson,1945-08-10
Thomas Thompson,rR796135y,"Scientist, physiological","Clark, Robertson and House",2010-02-22
Christina Robinson,sI140479c,Dealer,Ellis Inc,1945-10-26
Stephanie Fitzgerald,qd134269K,Chief Executive Officer,Young-Jones,1963-10-26
Kimberly Russo,fD870882c,Orthoptist,Brown-Evans,1967-12-05
Laura Barnes,FC535615R,"Conservation officer, historic buildings",Wilkins-Coleman,1928-06-26
Melissa Medina,KC620823m,"Scientist, research (medical)","Kennedy, Avila and Brock",1988-06-12
David Villarreal,wF620821k,"Chemist, analytical",Robinson LLC,1992-12-08
Cynthia Gonzalez,Su183660w,Civil Service fast streamer,Long-Garcia,1991-04-06
Andrew Jones,sh352958A,Proofreader,Mitchell LLC,1955-04-18
William Mckinney,AU664475t,"Chemist, analytical",Mueller Group,1914-02-18
Oscar Nelson,do282959x,Accommodation manager,"Williams, Pratt and Beltran",1938-12-24
Catherine Jackson,jf993102a,Archivist,Short-Elliott,1969-01-27
Pamela Clark,uT173471z,Firefighter,"French, Adams and Taylor",2004-07-18
Roy Lee,Or275416X,Medical secretary,"Johnson, Hughes and Collins",1976-04-01
Kathryn Jensen,xx311522A,Clinical research associate,"Avila, Strickland and Vazquez",2024-08-19
Darin Fleming,Ty958651l,Insurance underwriter,"Hanson, Moore and Walker",1988-12-29
Kerry Martinez,NR582275t,Trade union research officer,Walls-Newman,2007-01-26
Mary Murray,SV451801g,Retail manager,"Potter, Murphy and Simpson",2013-06-07
Laurie Rice MD,MX634796z,Investment analyst,Rosario-Maynard,1934-02-15
Whitney Johnson,Vi423770m,"Engineer, electrical",Smith-Savage,1929-03-04
Tracey Wang,Am437837t,Facilities manager,Peterson LLC,1991-11-12
Jennifer Jenkins,bc488243J,"Investment banker, corporate",Hogan-Harris,2015-02-18
Sara Roach,mE820133T,"Engineer, aeronautical",Flores Inc,1994-07-18
Adam Molina,iW467869G,Immunologist,Mueller-Morales,2000-11-24
Isabel Wilson,Wb674641f,"Librarian, academic",Mosley Inc,2014-01-24
Courtney Gonzalez,Gh890413h,Neurosurgeon,Sanford-Miller,1984-05-22
Patrick Mcdonald,ve688249Z,Geophysicist/field seismologist,"Myers, Gonzalez and Burton",1916-04-19
April Kennedy,Re504952i,"Research officer, government",Hurley-Wolfe,2007-12-04
Michael Mcpherson,jO391920h,Food technologist,"Hunt, Moore and Anderson",1955-11-25
Taylor Cooper,OK441027I,"Librarian, academic","Hancock, Wilson and Hall",1975-01-08
Stephanie Smith,tv774012M,"Surveyor, insurance","Joseph, Garcia and Stanley",2005-09-20
Ricky Banks Jr.,uj765545h,Toxicologist,"Fowler, Chambers and Mooney",1973-11-23
Wayne Turner,Wf478169G,Jewellery designer,Arnold PLC,1957-10-27
Joanna Erickson,EG234091k,"Therapist, speech and language",Forbes Inc,1972-07-04
Sandy Hahn,MA487953F,Transport planner,Adams-Moore,2009-01-03
Alexandria Moore,Gj200436a,Medical illustrator,Goodman-Giles,1927-09-02
Anne Richmond,qV637603a,Optometrist,Frey Inc,1947-05-27
Anthony Wilson,ns937976O,Cartographer,Krueger Ltd,1989-02-07
Emily Fields,SB967116o,"Engineer, chemical","Garcia, Oconnell and Garrett",2004-05-09
Chad Jarvis,gG213784M,Illustrator,Ware LLC,2014-11-28
Kevin Howell,mL395519y,"Librarian, academic","Smith, Wood and Stewart",1929-09-19
David Mcbride,Lf398427b,Merchant navy officer,Robertson LLC,1952-07-02
Robin Hill,ad380413j,Race relations officer,"Anderson, King and Hooper",1972-02-11
Joseph Gordon,gE839681E,"Scientist, marine","Brown, Higgins and Lewis",2004-03-25
William Rivers,sc389534x,Special effects artist,Meadows and Sons,1968-07-29
Ryan Knight,HO269882k,"Restaurant manager, fast food",Carlson PLC,2004-05-11
Dr. Jake Tucker,TY847427T,Research scientist (physical sciences),Jackson-Lewis,1981-07-28
Karen Cook,Fo190348N,TEFL teacher,Davis-Camacho,2017-06-05
Henry Porter,Kn717541n,Hydrologist,Williamson-Jackson,2020-03-01
Christian Stephens,bj673342Z,"Accountant, chartered management",Brown PLC,1913-02-12
Edwin Wagner,HH968610z,"Engineer, maintenance","Miller, Walters and Jones",1934-10-30
Kimberly Williams,Rp999601q,Osteopath,Kelly and Sons,1971-06-29
Edward Cohen,xI382523K,"Designer, textile","Buck, Murray and Mora",1966-06-24
Timothy Strong,Xx225516y,"Presenter, broadcasting",West-Juarez,1942-04-04
Laura Kane,Rw453869K,Research scientist (medical),"Hernandez, Crane and Jones",1924-05-08
Danny Miller,DB303529N,Chief Executive Officer,"Carney, Scott and Holmes",1912-01-23
Kelli Allison,uN478767C,"Research officer, political party",Reynolds-Hall,1979-10-02
Tara Woods,mO596709k,IT trainer,"Mcdonald, Nash and Singh",2023-08-20
Ricky Thomas,wJ664887o,Call centre manager,Jackson and Sons,1937-03-25
Samantha Allen,OW624106b,"Engineer, automotive","Valentine, Moreno and Davis",1943-02-12
Evelyn Hansen,QI723200q,Financial adviser,Carr Inc,2009-02-01
Joseph Jones,eL771413u,Operations geologist,Lewis-Hanna,1986-10-30
Matthew Mccoy,QR287635E,Call centre manager,House-Nguyen,1932-01-13
Lucas Freeman,GV386329m,Control and instrumentation engineer,West Ltd,1923-11-16
Laura Baldwin,gp614835s,"Scientist, audiological",Gentry-Sutton,1948-12-03
Alex Oconnor,So615983Q,Hospital doctor,Prince-Phillips,1994-04-23
James Irwin,sJ979445z,"Development worker, community","Underwood, Crawford and Cox",1997-06-22
Chelsea Gonzalez,oa825875R,Cytogeneticist,Bernard Ltd,1990-02-21
Katelyn Anderson,lL832167t,Media planner,Delgado-Castro,1979-10-16
Leslie Maxwell,yo291257U,"Embryologist, clinical",Carlson-Griffin,2000-12-10
Jonathan Collins,Eg407898I,Warden/ranger,"Cortez, Morrow and Schneider",1974-07-09
Scott Salas,TP474244X,Probation officer,"Delgado, Adkins and Holder",1920-01-27
Pamela Martin,oR166509r,Environmental health practitioner,Barnett-Gomez,1920-11-16
Joshua Ball,fT498676k,"Producer, television/film/video","Hughes, Garza and Crawford",1959-04-08
Jesse Wilson,SH971684Q,Special educational needs teacher,Rodriguez Ltd,1983-09-30
Mrs. Dawn Gross,GY749009u,Magazine journalist,"Santos, Sanders and Reed",1980-03-13
Melissa Spencer,tg560610v,"Engineer, building services",Robinson Group,1973-05-25
Mrs. Jacqueline Howard,AG123775Y,Facilities manager,"Johnston, Carter and Mendez",1951-09-29
Dr. Robert Miller DVM,jd896241j,Stage manager,Jones-Castillo,2007-11-14
Elizabeth Jackson,Xw724365y,Professor Emeritus,"Hill, Sullivan and West",2021-03-12
Jonathan Williams,qW934054x,"Designer, television/film set",Johnson-Silva,1974-02-27
Kyle Hayes,kF100237q,Production engineer,Vasquez-Patel,1915-11-16
Megan Smith,Ta252850p,Rural practice surveyor,Landry Ltd,1999-01-29
Jennifer Becker,rm251188K,"Scientist, biomedical","Moore, Watson and Woods",1926-11-06
Blake Johnson,aR937801g,Surgeon,West-Morrison,1958-08-17
Dakota Hardin,pI227708I,"Loss adjuster, chartered",Dawson Group,1945-07-18
Adam Stewart,Hy706907P,Armed forces operational officer,"Jones, Martinez and Rice",2003-05-18
Scott Livingston,OP471111c,Food technologist,Campos-Wright,1994-08-26
Arthur Chen,BN386034B,"Engineer, water",Ramirez-Vega,1970-07-11
James Rose,Ym403830k,"Programmer, applications",Jacobs Ltd,1940-03-12
Alex Gray,xn524127t,"Surveyor, building control",Singleton LLC,1909-07-25
Charles Potter,OH611063u,Insurance account manager,Clark-Warren,1920-04-16
Frederick Miller,Ul767362T,"Librarian, academic","Campbell, Garza and Campos",1989-03-31
Rebecca Harrison,Co963343p,"Psychologist, forensic","Harris, Cobb and Williams",1945-05-03
Daniel Anderson,Qu301447Q,"Conservator, furniture","Smith, Alexander and Lewis",1911-12-25
Stephen Murray,VM226005n,Publishing rights manager,Berger-Taylor,1955-11-27
Michael Johnson,FY516758M,Passenger transport manager,Zamora-Richardson,1991-05-29
Lauren Gonzales,xt441790k,"Designer, multimedia","Pierce, Barnett and Reilly",1989-11-03
Debra Williams,lO902237y,Freight forwarder,Hartman-Schmitt,1979-04-08
Roger Wallace,ox444147e,Theatre stage manager,Nguyen-Mclaughlin,1911-05-25
Paul Walsh,lA251858C,"Surveyor, quantity","Fernandez, Green and Lopez",2008-11-23
Joseph Davies,PY462711M,Art therapist,Norris Group,1967-01-30
Eric Neal,Xv565402c,"Designer, television/film set",Fields-Humphrey,1927-10-01
Krista Joseph,Xp709397D,"Designer, interior/spatial",Sheppard Group,1926-02-09
Vincent Bell,xu497884t,Air cabin crew,Pena PLC,1962-03-26
Angela Woodard,OQ424817l,Public relations account executive,"Maldonado, Williams and Harrell",1969-03-27
Kenneth Chang,QQ983615V,Control and instrumentation engineer,Smith-Bean,1990-11-17
Amanda Herring,QR184143J,"Programmer, multimedia","Gomez, Baker and Brown",1997-07-09
Diana Miller,hc692497g,"Surveyor, building",Zavala Group,1950-12-30
Robert Thompson,JB968389N,Restaurant manager,Baker-Kelley,1939-01-21
Brad Hill,gW414473F,Diplomatic Services operational officer,Mckenzie PLC,1961-11-21
Mr. George Brown,Pw837488K,Emergency planning/management officer,Taylor Inc,1951-06-13
Molly Baker,uc969062i,Operations geologist,Phillips PLC,1909-01-29
Victoria Melton,ua293171f,Hotel manager,"Young, Ibarra and Mendoza",1997-09-18
Joseph Johnston,dF259933j,"Psychologist, occupational",Austin-Sanford,1947-01-16
Tanner Lewis,gr704949m,Training and development officer,Wilson Group,1991-09-19
Jennifer Blevins,RE529706C,Sports coach,Chavez Ltd,1923-07-22
Jason Fitzgerald,Jy655242U,Field seismologist,Hanson-Murillo,1980-01-24
Jennifer Perkins,Ug184868S,Trading standards officer,Chandler-Martin,1954-05-13
Daniel Bennett,nr456577T,"Development worker, community","Garrett, Lee and Roth",1998-07-22
Brenda Hodge,mF576814e,Ophthalmologist,Lawrence-Contreras,1983-02-15
Emily Morris,iv765599G,Paramedic,Clark-Garcia,1980-05-14
Adam Perkins,PT920517O,Operational researcher,Campbell and Sons,1974-10-19
Larry Francis,FJ195197P,Forensic psychologist,Walters-Martin,2001-04-28
Sarah Jones,to868062V,Public relations account executive,Pittman-Clark,1933-07-19
Vincent Ryan,pu955074V,"Engineer, biomedical",Gentry-Clark,1911-03-24
Maureen Taylor,px989934G,Sports coach,Moreno-Love,1938-12-05
Sean Fischer,KQ272614p,Heritage manager,"Thomas, Johnson and Lee",1951-09-26
Shirley Hopkins,Ge983644Q,"Pharmacist, community","Smith, Levine and Anderson",1914-01-03
Elizabeth Coffey,zS920273p,Retail merchandiser,"Tate, Duncan and Solis",1984-12-12
Alexandra Smith,Zi339430E,"Buyer, industrial",Martin-Underwood,2003-01-03
Charles Curtis,NA481329a,Restaurant manager,"Bryant, Rodriguez and Andrews",1947-09-28
Rachel Gordon,Ea916857M,Cartographer,"Flores, Hansen and Schaefer",1976-04-23
James Morales,nR933123M,"Surveyor, hydrographic",Blevins-Sullivan,2015-08-09
Julie Gregory,ic161313K,Equality and diversity officer,Blackwell-Mitchell,1954-12-24
Aaron Smith,aB462973m,"Journalist, magazine",Davis-Allen,1958-05-25
Arthur Richard,WW547355P,Theatre manager,Kemp PLC,1937-07-16
Sean Baker,ey141681q,Merchant navy officer,"Cox, Wilson and Rodriguez",2017-09-28
Susan Kennedy,fD401399u,"Therapist, nutritional",Kemp-Watts,1911-07-08
Daniel Weaver,cA900933A,Surgeon,Lewis Inc,1922-07-23
Edward Cisneros,ME528681b,Artist,Ortiz-Frye,1995-03-07
Robert Robertson,wh558897L,Seismic interpreter,Byrd LLC,2009-04-18
Jonathan Hood,SM526797V,Ranger/warden,Russell and Sons,1991-05-24
Deanna Boyer,Dr613023o,Energy manager,Jackson-Torres,2017-06-07
Terry Mason,Nt182889D,"Scientist, physiological","Kemp, Wright and Brown",1956-02-06
Paul Meyer,VA534785I,Broadcast journalist,Thompson Ltd,1975-12-06
Christy Kirby,Ri496723s,"Librarian, academic","Wilson, Yang and Hart",1926-11-26
Brittany Collier,HH777829T,"Civil engineer, consulting",Patterson Ltd,1978-01-22
Lee Giles,gm681856I,"Librarian, public","Carter, Walsh and Rogers",2022-11-10
Jacob King,II577160s,Trading standards officer,Nunez PLC,1924-11-20
George Rodriguez,cj605954a,"Merchandiser, retail",King PLC,1912-08-26
Brian Brown,OH632790i,Network engineer,"Anderson, Hatfield and Obrien",2019-04-12
Steve Williams,wT474055e,Armed forces training and education officer,"Lopez, Kemp and Howard",2017-09-21
Manuel Clark,uY918182M,"Radiographer, diagnostic","Reynolds, Kelly and Ochoa",2015-10-21
Alicia Moore,EV973537B,Media buyer,Vargas and Sons,1940-02-28
Briana Nash,ig288903I,"Surveyor, quantity",Moore-Stewart,1954-11-17
Carla Reese,vs255616o,Production engineer,Powell Group,1932-02-20
Colin Mills,Xm888759Y,"Surveyor, building",Stevens LLC,1961-05-11
Samantha Curry,yj626933o,Garment/textile technologist,"Taylor, Marshall and Campbell",1922-07-21
Susan Smith,TG804457I,Land,Roberts Group,1910-10-13
Matthew Lewis,hC626484H,Network engineer,Dillon-Huang,1972-07-08
Sabrina Pope,Iy543055o,"Engineer, civil (contracting)",Parker Group,1990-10-04
Christopher Braun,rc593611E,Insurance claims handler,Smith Inc,1988-12-31
Melissa Lee,pa384229o,"Research officer, political party",Ho-Meyer,1933-04-22
Lauren Bowman,mY578678t,Social worker,Smith Inc,1980-03-27
James Reilly,dM570029K,"Geologist, wellsite",Chavez Group,1983-06-16
Nicholas Evans,vq832129W,Games developer,Harris Inc,1941-12-23
Dean Gomez,rM613730Z,Patent examiner,Swanson Ltd,1982-06-30
Cassandra Garcia,Id159714S,Public relations account executive,Torres-Cook,1973-04-26
Alexander Jones,WW218822o,Leisure centre manager,"Perez, Warren and Hammond",1966-08-05
Thomas Edwards,jE316367x,Press sub,Reilly Ltd,1939-09-05
Kathryn Randolph,UP546066n,"Development worker, community",Stanley-Scott,2007-04-21
William Duke,OD110329p,Fashion designer,Jackson-Graham,2001-01-07
Johnny Crawford,KS964109V,Homeopath,Pratt Group,2006-08-21
Cody Evans,vh129220u,Archivist,Silva PLC,1973-02-26
Miguel Turner,Mn150899r,"Accountant, chartered public finance",Jefferson-Price,1985-07-08
Allison Knapp,am179948m,"Engineer, broadcasting (operations)",Carpenter-Foley,1933-07-31
Brittney Palmer,Ih442001E,"Designer, industrial/product",Silva Inc,1999-06-24
Veronica Schroeder,gG582578a,Community development worker,Morales Ltd,1968-04-21
Melissa Schwartz,BF918033C,Comptroller,"York, Morris and Torres",1961-05-08
Robert Ward,LN459930P,Armed forces technical officer,"Contreras, Jones and Bailey",1993-09-13
Cody Lucas,gv132830N,Physiotherapist,Elliott Ltd,2007-07-18
Dorothy Trujillo,Rs419979Z,Retail merchandiser,"Gates, Case and Jones",1972-03-28
Jennifer Kline,SU841271X,Communications engineer,Nelson Inc,2014-01-10
Christopher Wright,zN594075y,Public house manager,Johnson-Johnson,1950-07-12
Bradley Mccoy,Rb928665R,Audiological scientist,Bailey-Frazier,2018-12-25
Rebecca Davis,Lo615651h,Transport planner,Orr Inc,1989-06-20
Jeffrey Brown,mi400018D,Sports development officer,Santos Inc,1992-07-19
John Edwards,UM875606D,Public relations officer,Bush-Smith,1952-01-30
Jennifer Wilkins,lP881786f,Radiation protection practitioner,"Harper, Carlson and Barnes",1963-03-30
Gina Arroyo,ZP350793q,Multimedia specialist,Crawford and Sons,1997-08-21
Kyle Gregory,Wb875772O,Lexicographer,Rodriguez Ltd,1913-08-03
Paula Kerr,rA517451N,Dentist,Foster Ltd,1945-05-16
Ariel Richardson,Dv502652k,Homeopath,Gregory-Hernandez,1983-01-12
James Fernandez,ad344683U,Animal nutritionist,Vasquez Group,1979-03-31
Christina Perez,hD717444s,Soil scientist,Montgomery-Chavez,1921-10-19
David Scott,at307384l,"Education officer, environmental","Ponce, Johnson and Webb",1999-08-02
Christopher Graham,GP735482V,"Engineer, electronics",Guerra-Walker,1927-07-07
Marc Jones,TS193115l,Public relations officer,Goodwin Inc,2010-09-23
Lindsay Hammond,tU352144V,"Copywriter, advertising",Lewis-Hopkins,2013-09-21
Chad Burton,js119934n,Legal executive,Stevens-Nelson,1914-03-02
Melissa Singleton,up152706o,"Designer, television/film set",Mullins-Shaw,1920-01-02
Dr. Tina Patel,Ch100946j,Administrator,Goodwin LLC,1977-08-07
Cynthia Lynch,gL261354O,"Lecturer, higher education",White LLC,1915-01-19
Samuel Bowen,hl859801h,Tourism officer,"Lewis, Harrington and Greene",1958-04-03
Christopher Torres,zp410398i,"Administrator, Civil Service","Scott, Gonzalez and Foster",1932-09-11
John Thomas,MD564223u,Adult nurse,"Welch, Mitchell and Wise",2005-06-13
Nathan Allen,GC248386G,Phytotherapist,Rodriguez Group,2018-08-16
Mike Salinas,Vj341395l,"Loss adjuster, chartered","Nunez, Greer and Hernandez",2023-10-06
Jennifer Hartman,HA565825F,"Geologist, wellsite",Gray-Butler,1931-09-07
Kevin Jones,Ra424176D,Lexicographer,Harris and Sons,1937-07-12
Patricia Green,PC158130d,Chartered certified accountant,"Evans, Petty and Reynolds",2019-11-08
Michelle Strong,BW511246H,Tree surgeon,Powell-Wright,1967-09-11
Angela Rodriguez,OX164141H,"Surveyor, mining",Crawford-Ramirez,1987-09-24
John Jones,qG587921L,Passenger transport manager,Wolfe Ltd,1949-02-25
Carol Duran,On231950w,Furniture conservator/restorer,"Brooks, Hobbs and Kim",1980-09-12
Brittany Calderon,IQ319243k,"Psychologist, clinical",Bradley PLC,1993-02-17
Richard Sanchez,hf174045B,Land,"Hamilton, Montgomery and Porter",1975-09-27
Cathy Ray,yv448002i,Banker,"George, Willis and Wood",2009-05-11
Veronica Hall,qU890701T,Youth worker,"Jensen, Jones and Graves",1911-08-02
Ashley Clark,hM730881w,"Engineer, civil (contracting)",Peterson-Pierce,1932-03-15
Kristi King,tT307960i,"Engineer, manufacturing systems",Bowers PLC,1948-02-28
Jared Williams,MJ809745L,Broadcast presenter,Lawson PLC,1998-04-04
Zachary Trevino,MM329359m,English as a foreign language teacher,"Wong, Crane and Haley",1919-12-11
Lindsey Ward,PG240329b,"Teacher, primary school","West, Rice and Lewis",1927-04-28
Larry Alvarez,wr461019R,"Surveyor, quantity",Ford-Fleming,1973-08-28
Lindsey Murray,Es273817t,"Lighting technician, broadcasting/film/video",Pacheco Ltd,1975-06-05
Lisa Russell,qi449547v,Geophysicist/field seismologist,Holt-Lopez,2005-09-20
Hannah Orozco,XC715606e,Civil Service fast streamer,"Solis, Watson and Reilly",2020-07-03
Jeffery Sanchez,CX164838H,Marine scientist,Ramirez-Ramos,2012-08-24
Sean Ortiz,kh727677Q,Occupational hygienist,Willis Inc,1950-05-21
Ryan Noble,Rw767737L,Computer games developer,Jordan PLC,2020-09-12
Angela Parks DDS,Ur954472D,Photographer,"Ryan, Padilla and Peters",1921-06-16
Erin Frank,Zs373231b,Travel agency manager,Martinez Inc,1972-07-20
Susan Kirby,Sc672869Z,Youth worker,Lester-Thomas,1978-01-31
George Morales,lM974369e,Environmental consultant,"Bradford, Bullock and Smith",1938-08-13
Ronald Torres,tl702334X,"Teacher, adult education",Haynes Group,1974-03-12
Gabriela Peck,YJ423456L,Homeopath,"King, Davis and Clarke",1980-12-21
Joshua Davis,fr519320n,Arboriculturist,"Soto, Miller and Bryant",1971-02-11
Daniel Figueroa,jG682750U,Diagnostic radiographer,"Jackson, Perez and Morrison",1937-01-22
Douglas Brown,eC381322Z,Tax inspector,Rodriguez-Carroll,1994-12-02
Kaitlin Fisher,DQ659702U,Water quality scientist,"Martin, Garcia and Little",2006-04-06
Jennifer Stephens,hD722674U,Oncologist,Sullivan-Orozco,1937-11-23
Alexander Porter,xV235430g,Horticultural therapist,"Lawson, Gray and Cook",1925-11-23
Kristen Schultz,wN832591f,"Engineer, civil (contracting)",Gibson-Hernandez,1981-09-17
Chelsea Clarke,Mi951754S,Clinical biochemist,Rios-Shelton,2021-10-27
Brandon Knight,gZ227501F,Merchant navy officer,Newton-Johnson,1944-11-08
Brittany Joseph,kp621978N,"Engineer, aeronautical",Hill LLC,2023-02-27
Chelsea Olson,hR281398x,"Journalist, newspaper",King PLC,2020-11-02
Kara Martin,cJ234561t,Animator,Williamson Group,1995-02-06
Tyler Nichols,Qp426529q,Control and instrumentation engineer,Douglas-Chambers,1916-05-10
Samantha Murphy,YW117271X,Music tutor,Thomas-Williams,2006-04-10
Nathaniel Gomez,Lu735889X,"Therapist, music",Nelson LLC,1948-11-02
Kristen Mitchell,Mp845690M,Warehouse manager,Smith-Phillips,1955-04-26
Michael Perez,WS995556y,Energy engineer,Arnold and Sons,1943-12-19
Joseph Scott,kT562810J,Public house manager,"Mcguire, Johnson and Bolton",1913-11-08
Joel Moran,Ye913535K,Camera operator,Jones-Smith,1986-07-04
Joseph Fry,np647098n,Forensic psychologist,Silva Inc,1916-04-22
Tyler Parrish,Zu522454S,"Designer, industrial/product","Hamilton, Nash and Miller",2001-03-03
Mrs. Savannah Weiss,nG670239r,Commissioning editor,Burns-Harris,1937-07-19
Steven Duarte,Ae471325h,Economist,Franklin Group,1995-03-08
William Harris,uX881059g,Town planner,Harper LLC,1939-01-14
Amber Dawson,ck299776C,"Secretary, company","Johnson, Martin and Andersen",1936-02-01
Jennifer Watson,Wm929915b,Geographical information systems officer,Ferguson and Sons,1970-12-04
Elizabeth Duncan,vy701596R,Dancer,"Mcintosh, Matthews and Morris",1966-08-24
Matthew Walton DVM,ub368223v,Artist,"Johnson, Warren and Newton",1945-11-19
Shannon Butler,gw870778Z,Estate manager/land agent,"Becker, Fox and Cunningham",1921-05-30
Janice Keith,RE902173o,Textile designer,Harris-Bennett,1965-09-21
Dave Mills,UI538641T,Agricultural engineer,"Hart, Johnson and Hunt",1987-11-24
Mark Taylor,bJ925968K,Banker,"Miranda, Johnson and Mills",1976-02-21
Alex Young,tg688281d,Magazine journalist,Stanley-Brown,1909-04-15
Scott Moody,cd173790S,Community pharmacist,Walters-Nelson,1959-07-20
Lori Meyers,Ct693688H,Teaching laboratory technician,Diaz-Arellano,2024-08-01
Zachary Webster,EH480096r,Youth worker,"Munoz, Marquez and Webb",1909-06-21
Joshua Ray,MZ836689L,Heritage manager,Armstrong Ltd,1970-03-13
Diamond Wilson,lf225043L,Environmental health practitioner,Dunlap-Jones,1965-01-14
Jacob Mclean,Cx378162o,"Designer, graphic",Martinez-Diaz,1952-10-20
Kathleen Olson,cP900710Q,"Nurse, mental health","Mathews, Ewing and Lawson",1927-01-04
Candice Stephens,PB862701J,Applications developer,"Franco, Adams and Jones",1967-07-27
Jessica Gillespie,aT772407L,Farm manager,Mcmahon-Harrell,1910-01-27
William Ingram,pM236549V,"Research officer, government","Wood, Brown and Harris",1942-05-10
John West,Yd276781u,"Psychologist, counselling",Smith-Tucker,1945-10-30
Frank Rogers,gX670970K,Trade mark attorney,Hansen-Golden,1966-05-15
Lisa Ochoa,Ln212974c,Water engineer,Francis Group,1963-04-25
Karen Harrison,vI674647y,"Surveyor, minerals","Mendoza, Branch and Brown",1997-08-21
Brian Duke,TY921946B,"Runner, broadcasting/film/video",Garner PLC,1956-03-10
James Martinez,Za598643d,Health and safety adviser,May Ltd,2019-07-03
Billy Jones,WP127662c,Product manager,"Shepard, Savage and Cowan",1961-05-30
Melissa Schroeder,Jh305861P,"Surveyor, commercial/residential",Blevins LLC,2004-05-21
Cynthia Dixon,ML805665y,"Pharmacist, community",Contreras-Morgan,1996-03-09
Patrick Hayes,Yt719230C,Fashion designer,Stafford LLC,1988-08-20
Andrea Chavez,sM532654e,"Scientist, research (medical)",Smith LLC,1941-04-07
Tyrone Olson,UU809475A,"Therapist, drama","Jones, Smith and Christensen",1938-01-30
Darren Smith,vN494653G,Risk analyst,Gibbs-Rivera,2002-05-26
Maria Lane,Ws560901p,Marketing executive,Holloway Ltd,1912-06-27
George Walsh,nC892959M,"Conservator, furniture",Taylor-Richardson,1936-03-06
Brittany Cline,gR680797m,Environmental education officer,Mays Ltd,1939-09-03
Kathleen Delgado,YX908686s,Psychiatrist,"Frye, Brown and Clayton",2006-03-11
Tom Williams,zD399306W,"Surveyor, rural practice","Murray, Allen and Sanders",1977-07-05
Amber Phelps,Mn145793G,"Surveyor, land/geomatics","Smith, Schmidt and Brown",2021-05-27
Laura Terry,bo522430J,Counselling psychologist,"Rosales, Perry and Miller",1927-07-26
Anthony Williams,Iu300775X,Herpetologist,"Brown, Hendricks and Anderson",1965-09-08
Joseph West,hD119233Z,Medical technical officer,Chase-Flores,1999-10-17
Jennifer Anderson,Ww380481l,Retail merchandiser,"Knight, Lam and Casey",1989-03-18
Alexander Joseph,of481153k,"Designer, graphic","Vazquez, Parker and Franklin",2010-03-29
Jessica Jones,To750456L,Claims inspector/assessor,Mendoza-Armstrong,2016-01-27
Julie Haley,ne606737S,Dispensing optician,Cabrera-Torres,1984-03-29
Justin Rodriguez,FO651704V,"Merchandiser, retail",Chen-Johnson,1953-06-21
Peter Harris,Xb636236N,Theatre stage manager,"Patterson, Farrell and Barnes",1918-07-14
David Moreno,Kn166610w,Dispensing optician,"Morris, Wood and Terry",2011-06-30
Victoria Jacobs,Mu726855N,"Producer, television/film/video",Henderson-Nixon,2023-05-03
John Gutierrez,nT819875o,"Production assistant, radio",Brown-Gregory,1971-09-22
Roger Shah,ko870401j,"Lighting technician, broadcasting/film/video","Cox, Clarke and Carter",1998-11-11
Michael Foster,sk523618N,"Research officer, political party","Rodriguez, Ryan and Brown",1989-07-28
Adam Fisher,kY159591n,"Surveyor, insurance",Taylor LLC,1991-07-01
John Singh,FM990684q,Actuary,"Andersen, Neal and Montgomery",1962-12-19
Teresa Mitchell,Ci237644p,Academic librarian,Baker-Lucas,2023-04-06
Gail Fisher,yl493054J,Early years teacher,Turner Ltd,1966-05-13
Charles Powell,ei834428X,Energy manager,Brown LLC,1967-08-17
Frank Mathews,Fz802715s,Clinical molecular geneticist,Johnson-Martinez,1942-01-10
Sara Crosby,ua128133u,Surgeon,Rodgers Group,2002-11-09
Raymond Jackson,OO323829w,Materials engineer,Lane-Smith,1997-02-19
Nicole Brooks,IQ678839z,Public affairs consultant,Wade-Alexander,1947-03-04
David Martin,hB120576B,Housing manager/officer,"Lee, Murray and Jimenez",1938-10-31
Benjamin Holt,rN417293h,"Surveyor, minerals",Brown-Wells,1983-02-16
Timothy Jacobson,MN320772G,Arts administrator,Diaz-Ward,1909-11-25
Emily Little,hA962672r,Chiropractor,"Harvey, White and Johnson",1949-11-06
Kevin Wilkerson,OB378037z,Site engineer,May-Garcia,1975-05-30
Abigail Ewing,ho394368f,Microbiologist,Marshall LLC,1985-05-09
Joshua Johnson,bA874980M,Dramatherapist,Davis-Bowers,2010-02-27
Ryan Collins,fo542163a,Dancer,Rodriguez-Reyes,1970-02-08
Travis Odonnell,FL208806u,"Designer, furniture",Young and Sons,2000-01-10
Bryan Smith,AA437042h,Sub,"Mcgrath, Nelson and Long",1978-10-03
Meghan Rivera,Vf358071x,Field seismologist,Brown and Sons,1912-08-21
Adrian Allen,pa509837A,"Solicitor, Scotland",Butler-Carson,1999-10-25
Beth Ramirez,Ec587954S,Firefighter,Rivera-Lynch,1965-03-30
Darrell Alvarado,cU985411l,Higher education careers adviser,Rogers-Mccarty,1982-12-06
Laura Schmidt,yw848970i,"Administrator, Civil Service","Steele, Hooper and Jones",1951-07-13
Eddie Schroeder,BT673511d,Futures trader,"Barton, Patterson and Miller",2013-04-27
Clayton Garcia,Fe669922k,"Embryologist, clinical",Griffith and Sons,1953-02-08
Lindsay Ryan,xA836335f,"Surveyor, building control",Thomas LLC,1996-08-16
Carrie Patterson,ul320685r,Broadcast journalist,"Butler, Fernandez and Carey",2004-06-09
Alicia Wallace,ik663418x,Artist,Baker-Trujillo,2017-03-08
Jeffery Cabrera,Hc717453F,Drilling engineer,Carrillo-Roberts,2006-07-13
Candace Lyons,bL899827k,"Engineer, chemical",Jackson LLC,1920-08-15
Jennifer Rhodes,oB257662i,Commissioning editor,Johnson Group,1927-03-30
Rachel Goodwin,Pr138201G,Herbalist,Weber Inc,1929-12-22
Danielle Morris,Zv426201l,TEFL teacher,Sullivan PLC,1985-07-13
James Reid,fM506455Y,Acupuncturist,Gordon-Robinson,1981-01-22
Carol Adams,NX729721I,Public relations account executive,Garrett-Campbell,2014-02-16
Kyle Willis,Ag124048r,"Psychologist, forensic",Church LLC,2022-04-18
Kelli Warren,XI724269f,Leisure centre manager,Wall Ltd,2005-05-02
Melissa Hill,mu864796R,Catering manager,Coleman-Baker,1950-07-01
Tamara Rogers,CO653744x,Community education officer,Hernandez Inc,1988-08-29
Stephen Wade,DF116482E,Warden/ranger,"Ewing, Bowers and Richardson",2002-12-05
Nicole Smith,Qh982093G,Armed forces operational officer,Simpson-Adams,1971-01-30
John Matthews,sf808865F,Clinical psychologist,Johnson LLC,1982-12-16
Laura Morgan,ov227680x,"Engineer, maintenance (IT)","Mitchell, Ramirez and Russell",1916-03-27
Casey Smith,kN266857L,Glass blower/designer,Mitchell-Harris,1937-04-23
Angela Gutierrez,EP546618A,"Buyer, retail",West and Sons,1969-08-24
Luis Miller,nF272300Q,Location manager,Gross-Nunez,1939-10-25
Megan Bell,LH739057g,"Administrator, arts",Nelson-Howell,1986-02-08
Stephen Bush,GZ645685s,Information systems manager,Myers Ltd,1984-01-21
Katie Adams,ki653622c,IT trainer,Bright LLC,1976-05-24
Jacob Smith DDS,jl678979B,Proofreader,"Johnston, Brady and Long",1910-01-05
Steven Walters MD,AL681200Q,"Engineer, biomedical",Watson LLC,1944-03-28
William Cruz,oj538909k,Seismic interpreter,Stewart Ltd,2001-05-30
Michelle Mora,Ok158279N,Estate agent,Jackson and Sons,1977-04-04
Kimberly Williams DDS,UY312776T,Financial controller,Nelson-Anderson,1947-09-29
Robert Jenkins,Tr677752p,Community education officer,Watkins Group,1920-05-01
Leonard Cardenas,IE780797x,Games developer,Johnson Ltd,1954-04-12
Hannah Thomas,mM519585D,"Engineer, aeronautical",Williamson PLC,1931-01-15
Ryan Pruitt,xw860441C,"Teacher, English as a foreign language",Barnett Inc,2022-04-19
Kristin Wells,GH618864B,Architect,"Collins, Mclaughlin and Robinson",2023-11-16
Mrs. Stephanie Cook,uB494412Q,Accounting technician,Romero Inc,1925-01-04
Nicholas Smith,GK685745e,Manufacturing engineer,"Watkins, Chase and Garcia",1954-02-18
Anna Walker,dz811228j,Museum/gallery conservator,"Reyes, Smith and Wilkerson",2012-01-11
Elizabeth Jones,Wu835900i,Publishing copy,"Simpson, Boyle and Jones",2016-06-08
Robert Austin,XG957187L,"Engineer, chemical",Gonzalez-Brewer,1932-04-27
Ricardo Williams,PC870333k,Environmental education officer,Stewart and Sons,2014-05-29
David Neal,aD734890W,"Engineer, civil (consulting)","Hanson, Walton and White",2009-01-07
Allen Orozco,uF239580y,Quantity surveyor,"Ochoa, Miller and Walsh",1958-03-20
Douglas Mcdaniel,ds258180a,Barista,Weaver-Reeves,2016-02-17
David Fletcher,LW367173U,Government social research officer,"Barnes, Ryan and Russell",2024-01-30
Joseph Henderson,XF135572B,Curator,"Hudson, Morton and Carroll",1977-02-14
Andrew Snow,ln605429X,Early years teacher,"Clarke, Jones and White",1965-08-02
Robert Phillips,pI255855g,Translator,Cook Inc,1952-05-29
Charles Jones,wl297864P,Transport planner,"Adams, Scott and Fisher",2008-05-17
Laura Ochoa,uk910115x,"Engineer, maintenance",Harris PLC,1910-06-18
Jessica Erickson,ZA597557C,Planning and development surveyor,Davis Ltd,1917-01-22
Mary Carter,Pd605470i,Regulatory affairs officer,"Rodriguez, Lynch and Ali",1924-03-05
Kayla Meyer,Zf832791P,"Therapist, art",Jones Group,1961-01-12
Lydia Davis,XI851633r,Trade union research officer,"Hensley, Williams and Wood",1948-12-09
Valerie Meyer,zo980871o,"Psychologist, sport and exercise",Castro-Brown,1943-10-09
John Crawford,kR207535Y,Electrical engineer,Norman Inc,2010-01-25
Ashley Carr,yo565908I,Curator,Baker-Bryan,1969-04-25
Cameron Orozco,Ey943200M,Cartographer,"Mccullough, Fletcher and Levy",1965-12-02
Daniel Harris,XJ518493m,Merchant navy officer,Sullivan-Douglas,1994-02-03
Kelli Dorsey,uq451579G,Market researcher,Hodges-Gentry,1974-10-28
Michael Adams,hR328240B,Lawyer,"Grimes, Davis and Bradshaw",1927-03-31
Ann Gutierrez,zG351883Y,Waste management officer,"Ramirez, Graham and Yoder",1973-10-21
Dominic Bryant,OC484608x,Multimedia programmer,Thomas-Collins,1926-02-25
Kimberly Lowe,wO730370I,General practice doctor,Walsh-Madden,1959-03-24
Charles Guzman,aF158014S,Oceanographer,Larsen and Sons,1914-08-29
Susan Chen,PW598560M,"Accountant, chartered public finance",Sims-Moss,1935-04-06
Donald Tucker,XU688123O,Building services engineer,Lewis Ltd,1964-06-05
Raymond Rodriguez,gd748355G,Information officer,Waters-Young,1931-01-24
Kyle Jones,uq975338z,Arboriculturist,Williams-Miranda,1923-05-21
Mikayla Bailey,kf598902o,"Surveyor, planning and development",Frye Ltd,2020-10-15
Christopher Rodriguez,nn651191b,Science writer,"Mullen, Wright and Myers",1982-04-19
Michael Taylor,Kl171979T,"Teacher, adult education",Clark and Sons,2022-06-29
Zachary Figueroa,hn624349l,Water quality scientist,Barnes Inc,1917-06-10
Ms. Danielle Gonzalez,FR547177i,Speech and language therapist,Washington-Johnston,1923-12-20
Jared Garcia,Kd247235X,Plant breeder/geneticist,Hayden-Gomez,1976-01-11
Laura Henderson,kU384946p,"Engineer, manufacturing","Moore, Thomas and Johnson",1962-04-04
Edward Franklin,DM866479f,"Research officer, political party",Randall-Burton,1988-03-21
Nancy Austin,rN172693C,"Chemist, analytical",Jordan-Mercer,1985-01-07
Terry Anderson,Kf151449H,"Engineer, maintenance (IT)",Luna Inc,1954-01-24
Kathryn Hall,ni883897x,"Designer, jewellery","Rubio, Morris and Sanders",2020-03-11
Corey Pope,IB543510r,Software engineer,Oliver Group,1970-01-31
Jennifer Owens,RW189700X,Event organiser,Nichols Inc,1988-09-10
Robert Perez,Ox975660D,Acupuncturist,"Harrell, Allen and Kramer",1932-10-12
Stephanie Schmidt,zb711998L,Clinical psychologist,Johnson LLC,2015-06-02
Toni Lee,LB746586N,Nature conservation officer,"Fernandez, Eaton and Adams",1960-01-10
Andrea Alvarez,Rf589687C,Television/film/video producer,Morrow and Sons,1909-06-19
Kyle Austin,ok804631j,Medical sales representative,Ross-Le,2013-03-29
Cheryl Pena,kz134792j,Catering manager,Williams Group,1930-04-09
Ashley Young,Of667929q,Financial trader,"Gallagher, Young and Perez",1965-09-19
Kayla Alexander,ey885071s,Personnel officer,Solomon-Ruiz,1951-11-26
Barbara Jones,Bl592577u,"Conservation officer, historic buildings",Rhodes Inc,1924-05-22
Christina Brady,Th147169D,Horticultural consultant,Goodwin-Suarez,1953-03-16
Kevin Bauer,mg931085E,Systems developer,"Hill, Bell and Mitchell",2001-03-16
Brett Odonnell,VJ808755b,Chiropodist,Pierce-Potter,1985-11-19
Mitchell Caldwell,hy699594R,Research scientist (maths),"Pratt, Keller and Johnson",1994-07-27
Brenda Moody,Kq988672s,Fashion designer,Hart PLC,1949-01-15
Joel Carroll,FJ464754J,Consulting civil engineer,Reeves-Johnson,1971-06-12
Kayla Ramirez,nx128061w,Location manager,Richards and Sons,1947-03-15
Robert Villarreal,oW509705V,Metallurgist,Armstrong Ltd,1942-08-08
Melissa Ortega,qh696983L,"Buyer, retail",Stevens PLC,1950-10-18
Angela Estes,Uf610787f,"Lighting technician, broadcasting/film/video",Brown Group,2006-04-26
Lisa Fuller,PL308672X,Chartered public finance accountant,"Taylor, Wright and Rios",2003-08-01
Sandra Bailey,Og897185D,Records manager,Stanley Inc,1935-02-16
Andrea Navarro,LL244198a,Forest/woodland manager,Rice-Casey,2017-10-22
Stephen Oliver,vv547566k,Interpreter,"Hurst, Hill and Hale",2003-11-07
Michael Randall,iJ492837J,"Designer, blown glass/stained glass","Williams, Martin and Smith",1983-07-13
Amy Wood,nL670753y,Chief Marketing Officer,Powell-Estrada,1998-08-03
Sean Franco,iX978093n,Civil Service fast streamer,Yang Group,1911-01-01
Eric Adams,bh548388c,Barrister's clerk,Johnson-Braun,2003-02-23
Robert Black,vO676682V,Paramedic,"Smith, Best and Evans",2000-12-21
Julie Hayes,pp819891M,"Education officer, environmental","Cervantes, Morgan and Burke",1950-08-12
Cameron Grant,HM515247z,Community pharmacist,Reed PLC,1999-07-03
Christina Decker,ov135507O,Magazine features editor,"Carrillo, Baker and Reynolds",1947-03-01
Jared Anderson,bc519357y,Fast food restaurant manager,Jones-Burton,1979-02-23
Sara Charles,SB502799b,"Engineer, communications","Webb, Welch and Singleton",1966-06-23
Lori Olson,Dw108975I,Orthoptist,Hill-Reeves,2011-08-18
Angie Tapia,eJ621112G,Network engineer,Koch and Sons,1984-01-25
Michael Harvey,tc794555h,"Development worker, international aid","Price, Ortiz and Daugherty",1939-07-21
Robert Morgan,jg372700v,Dentist,"Dixon, Huynh and Rosario",1973-02-26
Bethany Rodriguez,Xx111927q,Environmental consultant,Lopez and Sons,1970-12-11
Pamela Jones,xx462353T,Leisure centre manager,Lopez and Sons,1966-04-03
Brandon Cochran,aP234875T,Hotel manager,"Stevens, Ford and Stephens",1927-06-08
Robert Jackson,bY757339t,Police officer,Melton-Kelly,1974-08-08
Eric Santos,Uq463984z,Advertising account executive,Goodwin and Sons,1911-06-12
Thomas White,Jh482371F,Product manager,"Robbins, Weaver and Ramirez",2003-05-14
George Taylor,ym527829O,Retail banker,Greene PLC,1910-06-10
Carla Ball,fe687855K,Holiday representative,Meyer-Smith,2008-11-21
Cristina Cole,Ai255311w,Commercial horticulturist,Mitchell Ltd,1935-04-24
James Perez,Mz922918G,"Doctor, general practice","Williams, Clements and Daniel",1967-01-31
Natalie Reyes,Yj931625c,Diagnostic radiographer,Hendrix-Gamble,1974-08-23
Mary Bell,uK954165U,Human resources officer,Maldonado-Christian,1929-01-15
Morgan Sweeney,VO552002s,"Geologist, wellsite",Peterson-Lee,1938-09-27
Maria Collins,or501220g,Operational investment banker,Bullock Ltd,1961-06-24
Bonnie Mayo,sx528866O,IT trainer,Clark Inc,1922-01-10
Amy Hunt,ig309654F,Industrial buyer,"Dickson, Mills and Miles",1996-04-05
Jennifer Wright,Cg619252h,"Solicitor, Scotland",Greene-Henson,2019-08-27
Jeffery Butler,aW266871D,Technical author,Burke-Robinson,1919-05-17
Sarah Evans,Lc336823H,Dramatherapist,Burgess PLC,1924-01-16
Carrie Scott,wY388976T,Museum/gallery exhibitions officer,Moore-Brooks,2001-08-07
Dominic Hawkins,Dk213517Q,Radio broadcast assistant,Mann-Banks,1949-08-06
Taylor Shepherd,wb181136a,Further education lecturer,Fowler LLC,1985-04-14
Alexandra Rios,fS532062V,Counselling psychologist,"Wood, Santana and Tate",1957-12-01
Jeffrey Yoder,AV877382o,"Surveyor, rural practice",Scott Group,1958-05-09
David Erickson,Dr691398c,"Programmer, systems","Hale, Valdez and Sanders",2024-05-27
Daniel Sutton,Mk334672E,Neurosurgeon,"Smith, Fox and Sims",1913-11-29
Daniel Smith,VJ922555G,Consulting civil engineer,"Mccormick, Mckinney and Bates",1946-12-02
Heather Barrett,Gv324450p,Research scientist (medical),Scott and Sons,1964-04-01
Douglas Miles,MQ379923i,Aid worker,"Boyd, Rivera and Harris",2020-12-26
George Mason,CA213029g,Hospital pharmacist,"Smith, Richardson and Pitts",1918-12-22
Randy Alexander,rl855058N,"Civil engineer, consulting",Jimenez Inc,1957-01-07
Jeffrey Jones,ee183812y,Media planner,Norton-Wright,1946-06-09
Mr. Noah Gregory,ab572991i,"Scientist, research (medical)",Mcgrath PLC,1910-12-02
Caitlin Nelson,Bm595618x,Early years teacher,Brooks-Dixon,1973-01-28
Angela Henderson,Bz372517R,Geophysicist/field seismologist,Guerrero LLC,1975-06-26
Gerald Knight,HE676019l,Cabin crew,Fisher and Sons,1962-06-13
Lisa King,sh279699U,Building control surveyor,Miller Ltd,1946-05-29
Christopher Cole,Vc485898O,Medical physicist,"Burns, Curry and Castillo",1964-01-01
Jonathan Hall,lr200297q,Adult guidance worker,Bradshaw-Andersen,2005-08-10
Joshua Irwin,nQ341489y,"Copywriter, advertising",Michael LLC,1920-06-20
Penny Larsen,YE864316q,Animal technologist,"James, Rojas and Fleming",1937-09-17
Jordan Garner,zO793876v,"Engineer, civil (consulting)","Trevino, Burch and Lewis",1951-11-05
Erik Vasquez,fQ100135i,Make,"Jones, Kim and Thomas",1918-10-24
Thomas Palmer,eq712583E,Outdoor activities/education manager,"Hess, Wood and Thompson",2000-01-25
Shane Davis,Qw195168c,Environmental manager,"Johnson, Gregory and Nelson",1984-12-24
Angela King,yt870360f,Medical technical officer,Goodwin Group,1921-11-01
Alyssa Hill,Tb656485N,Armed forces technical officer,Parrish Inc,1963-02-04
Scott Brown,Sp899521J,Stage manager,Singh and Sons,2022-10-23
Meghan Short,vb510436B,English as a second language teacher,Hobbs Ltd,1982-01-07
Christopher Cruz,ee432923A,Civil Service fast streamer,"Morris, Costa and Alvarez",1958-05-11
Steven Collins,Wy272980i,Museum education officer,West Inc,1998-01-10
David Thomas,dE743272v,Biomedical scientist,Scott-Wagner,1994-12-03
Joshua Fuller,Zx328152e,Retail manager,"Collins, Powers and Stark",1962-07-27
Erica Lopez,HL138189v,Patent attorney,Escobar-Clark,1967-12-23
Calvin Martin,Sc597176W,Museum/gallery conservator,Tucker and Sons,1944-09-16
Sarah Sanchez,Ir906184U,Regulatory affairs officer,Lester-Saunders,1989-01-02
Benjamin Ho,tU778951o,Public relations officer,"Ross, Contreras and Clark",1961-07-31
Megan Mack,Fy858057g,Market researcher,Zimmerman-Morales,1948-02-09
Brian Jordan,Ah955575q,Hydrologist,Pittman and Sons,2013-08-07
Kaitlyn Rodriguez MD,Au224300k,Equality and diversity officer,Valenzuela-Martinez,2010-05-08
Brian Moore,on677762Q,Ambulance person,"Anderson, Bennett and Cook",1932-04-15
Wendy Tran,xn863384W,Immigration officer,Anderson-Young,2020-07-05
Roberto Garcia,Fb146262E,Meteorologist,Smith-Jones,1950-09-02
Kenneth Smith,nY795286j,Catering manager,Oliver-Thomas,2016-10-02
Crystal Sanchez,MX372078E,Pensions consultant,"Hurley, Ross and Reynolds",1928-11-20
Edward Murphy MD,OL298701I,"Doctor, hospital","Castillo, Green and Lewis",1990-09-30
Dennis Brown,cU863618P,Bonds trader,Richardson-Johnson,2022-08-03
Dr. Charlene Smith,QX734463H,"Designer, graphic",Allen-Rodriguez,1969-03-16
Kelly Frank,Tu429223O,Health and safety inspector,Harrell-Marshall,2011-05-29
Taylor Melton DDS,wK662630S,Solicitor,Taylor-Turner,1919-01-15
Jason Brandt,Kf382618A,Adult guidance worker,Williams and Sons,1991-06-20
Lindsey Smith,RM980136f,Electronics engineer,"Espinoza, Johnston and Powell",1922-09-22
Christopher Fisher,Mz446894N,Ecologist,"Jones, Terry and Curtis",1955-03-21
Mr. Tyler Green,HW978441m,Music tutor,Harper-Bell,1984-11-18
Steven Harris,DW184592i,Careers information officer,"Fisher, Cabrera and Martin",1923-05-04
Edward Palmer,ns684878Z,Hydrographic surveyor,"Hanson, Patrick and Owens",1944-11-02
Vanessa Whitney,PE587032u,Geophysical data processor,Russell-Harmon,1947-11-02
Tristan Cruz,Mq180681o,Building control surveyor,Adams-Hopkins,1994-02-09
Kelly Gilbert,xm979981V,Retail buyer,Mills Inc,1995-06-08
Nicole Lucas,hY825395v,"Administrator, education",Horn-Osborne,2018-01-05
Richard Walker,GR986129m,"Investment banker, corporate",Smith Group,1968-03-14
Megan Williams,gT215951I,"Horticulturist, amenity","Baker, Collier and Mcmillan",1983-06-28
Steven Mercado,hT173514I,Insurance underwriter,Young and Sons,1947-04-03
Linda Zimmerman,BO872703T,Technical brewer,Pope LLC,1951-03-14
Ann Lynch,to279510z,Regulatory affairs officer,"Willis, Ayala and Hayes",1939-02-04
Brian Smith,nP200038s,Fashion designer,Wagner LLC,1998-07-03
Robert Hill,CA648793r,Immigration officer,"Calderon, Sanders and Lopez",1927-02-15
Donna Peterson,fG564852Y,Advertising art director,Yu Group,1994-06-14
Cynthia Parker,Ex181978e,Air cabin crew,"Newton, Scott and Guerrero",1991-11-30
Dr. Justin Myers,lo821495s,"Scientist, audiological",Williams PLC,1930-01-02
Ronald Castillo,is970256L,Passenger transport manager,Jackson-Weaver,2023-08-17
Megan Keller,vz241925n,"Engineer, chemical","Fisher, King and Sherman",1984-11-17
Traci Dominguez,SO800124U,Health and safety inspector,Shelton-Jones,1969-08-16
Heidi Alexander,Ji217787K,Higher education lecturer,"Leonard, Ball and Rodriguez",1915-06-09
Kimberly Gregory,eI774715R,"Presenter, broadcasting",Reeves and Sons,2006-06-10
Vanessa Perez,jV643211U,Archaeologist,Baker PLC,2013-05-22
Kathleen Frederick,wI900190j,Leisure centre manager,"Blankenship, Martin and Harvey",1996-07-31
Taylor Watts,sJ482229u,Risk manager,Baker-Taylor,1993-06-28
Bradley Walker,Ik419993f,Horticultural therapist,Black Inc,1942-01-05
Benjamin Eaton,BJ893848u,Futures trader,"Goodwin, Suarez and Wilson",2020-06-06
Richard Robinson,yd979264D,Animal nutritionist,"Decker, Brooks and Bryant",1961-02-02
Janet Santana MD,yQ305015A,Petroleum engineer,"Williams, Santos and Lucero",1967-11-22
Daryl Rich,mh262471l,Leisure centre manager,Hansen LLC,1992-01-31
Steven Rivers,Yb469168t,English as a second language teacher,White Group,2001-05-24
Wayne Clarke,Mf796108t,Art gallery manager,Nichols-Kirk,1996-09-12
Brian Compton,Jm693109z,Passenger transport manager,"Rodgers, Taylor and Johnson",1910-07-19
Sheri Dixon,hP868405u,Health promotion specialist,"Sloan, Brady and Day",1932-10-24
Heather Dunn,Mi147610t,Psychiatric nurse,"Dunn, Johnson and Thompson",2009-07-27
James Hall,bU576067b,Hotel manager,Reed PLC,1953-06-21
Tabitha Snyder,bS774863p,"Engineer, automotive",Griffith PLC,1991-05-30
Todd Alvarez,lv688825S,Dentist,Crawford Ltd,1913-05-25
Mark Miller,dw331232u,Public affairs consultant,"Bryant, White and Johnson",2016-10-03
Nicholas Garcia,wr392815V,Physiotherapist,Navarro LLC,1992-10-09
Elizabeth Burns,QL186548t,"Solicitor, Scotland",Levine-Kim,1916-05-13
Valerie Murphy,ot630599d,"Buyer, retail",Morgan LLC,1945-12-16
Heather Rivera,jD642150A,Curator,Stewart Group,2021-03-08
Megan Ayala,mf161201i,Operational investment banker,"Sutton, Stevenson and Schmidt",1923-05-15
Matthew Smith,Ae722958E,"Geologist, engineering","Maynard, Jensen and Norris",1998-01-17
Amy Hunt,KV692699b,Chartered loss adjuster,"Barber, Cannon and Adams",2021-02-17
Brandon Lucas,fs135148e,Systems analyst,Pennington-Humphrey,1911-09-14
Pamela Trevino,og894069f,Dancer,Randall Inc,1963-10-09
Dr. April Shaw MD,QH949829H,Chief Executive Officer,"Torres, Gregory and Johnson",1994-12-12
Todd Williams,LE852551Y,"Psychologist, prison and probation services",Thomas LLC,1972-07-11
Tyler Gibson,mR653641r,"Surveyor, minerals",Rios LLC,2002-03-26
Troy Brown,YU564668S,"Scientist, forensic","Hudson, Tyler and Pearson",1911-11-20
Steven Gallegos,tY845753t,"Lecturer, higher education","Aguilar, Medina and Miller",1951-06-18
Tricia White,dq615900u,Secretary/administrator,Drake-Simpson,1955-08-24
Jennifer Washington,uk844597B,Astronomer,Moore LLC,1997-09-11
Zachary Vaughn,qp419296B,Physiotherapist,Moore-Mitchell,1935-07-27
Laura Reid,uN896413O,Chief Financial Officer,Blackwell-Wilson,2017-11-25
John Swanson,OZ830702M,Fisheries officer,Lawrence Group,2005-03-17
Adam Dunlap,GH487295T,"Journalist, broadcasting",Johnson Ltd,1957-12-17
Frank Smith,tg135644t,Consulting civil engineer,"Wright, Pollard and Gonzalez",1935-04-23
Tricia Barr,iI491406b,Photographer,Lara Group,1958-12-27
Jose Jones,tO698348K,Textile designer,Cobb LLC,1986-09-05
Danny Johnson DVM,RR721341z,Investment analyst,Erickson-Bentley,1919-05-30
Stephanie Wang,LD429285y,"Research officer, trade union",Price Group,2004-09-27
Christina Allen,en967727t,Senior tax professional/tax inspector,Owen Ltd,1910-06-23
Courtney Murphy,Yu228167S,Exercise physiologist,Ayers-Edwards,2022-08-03
Steven Taylor,DT960635r,Financial planner,"Sanchez, Morales and Jones",1962-02-25
Morgan Gardner,mx151088r,English as a foreign language teacher,Wright LLC,1965-11-02
Karen Newman,HZ478538d,"Scientist, forensic","Hernandez, Winters and Smith",2003-06-26
Arthur Mills,lW553922m,Legal secretary,"Howard, Carter and Arias",1937-08-18
Megan Chapman,vh360232C,Research scientist (life sciences),"Greene, Sanchez and Palmer",1932-02-14
Kelly Howard,pR908675O,Furniture conservator/restorer,Martin Group,2003-11-16
Kelsey Calderon,aR326401L,Legal secretary,Allen LLC,1936-07-29
Elaine Pierce,RA543745b,Heritage manager,White PLC,1924-01-05
Daniel Cervantes,cL221790D,"Surveyor, building control","Henry, Jones and Baker",1994-11-13
Dominic Bautista,Nk499796P,Astronomer,"Zavala, Gibson and Beck",1942-01-09
Alicia King,rB652693A,Commercial art gallery manager,"Johnson, Herrera and Hines",1947-12-21
Ryan Jensen,eP606940c,"Copywriter, advertising",Davidson Inc,1957-05-09
Heather Taylor,Pi309209q,Sub,Watson Ltd,2014-01-23
Stacey Bennett,lR585774S,Stage manager,Phillips-Garcia,2001-04-24
Sarah Richardson,qe676294w,Clinical psychologist,"Adams, Castillo and Payne",1960-04-16
Adrian Murphy,XY717717N,"Psychologist, counselling",Newman and Sons,2010-08-29
Michael Harvey,Uq348206Y,Museum education officer,Obrien and Sons,1985-07-11
Michael Sanders,kD883011I,Social researcher,Blackburn-Howard,1936-02-04
Gary Edwards,eN367925u,"Engineer, communications",Garcia-Hooper,1938-04-05
Rose Nguyen,MO435241Q,Health and safety inspector,"Little, Villegas and Choi",1925-02-24
Jessica Thomas,TT196060U,Pension scheme manager,Obrien-Johnson,1924-11-05
Isaac Garcia,Sd597620m,Publishing copy,Mccarthy-Gallagher,1965-04-22
Arthur White,pi523130d,Advice worker,Haas-Potter,1980-02-05
Zachary Mcbride,kk200469L,"Pharmacist, community",Howell-Morrison,2009-03-28
Aaron Thompson,eP465069g,"Surveyor, minerals","Gordon, Doyle and Bailey",1975-03-09
Zachary Griffin,sc545911H,Database administrator,Murray LLC,2015-10-04
Christopher Mitchell,RJ217491v,Fisheries officer,Jenkins-Schultz,1977-05-09
Gina Cook,jc141409z,Tourism officer,"Gallegos, Brown and Whitehead",2004-11-30
Stacy Dominguez,KR301270V,Exhibition designer,Reed LLC,1974-04-30
Robert Sharp,sY882544m,Sales promotion account executive,James Group,1986-08-05
Megan Howard,CI389011f,Applications developer,Carlson PLC,2006-08-01
Gary Jackson,iQ271769Y,Ophthalmologist,Washington PLC,2008-01-07
Brittany Mullins,pj587908A,Barista,Martin Inc,1930-04-05
Lori Wolf,gF899659Y,Records manager,"King, Pham and Adkins",1992-03-15
Erika Cordova,to540120o,Company secretary,Crawford Group,1920-02-09
Paula Davis,bu477567K,"Horticulturist, amenity","Smith, Ayala and Blake",1963-02-02
Sarah Mueller,iH585932I,Health visitor,"Hartman, Johnson and Coleman",1992-03-19
Sheila Hawkins,fg126433D,Lawyer,Park and Sons,1964-11-13
Colleen Hale,TB138344X,Tourist information centre manager,Cooper-Scott,1971-12-08
Matthew Walsh,QD534706t,"Accountant, chartered public finance",Blake-Barnett,1921-11-22
Rebecca Williams,HZ977917q,Production engineer,Conley Group,1916-10-12
Frank Ayers,NK619079F,Chiropodist,Johnston-Morrison,1981-08-02
Kathleen Lee,yQ724196r,Event organiser,Bird-Wright,1929-08-12
Curtis Waters,pM988967L,"Designer, jewellery","Lamb, Todd and Garcia",1947-09-18
William Taylor,UR374698R,"Surveyor, rural practice",Cortez Inc,1966-06-08
Donald Simpson,Pr793630f,"Nurse, learning disability","Johnson, Bridges and Hobbs",1987-11-20
Erik Howell,cj628331K,Fisheries officer,"Vazquez, Freeman and Davis",1961-10-21
Ashley Rodriguez,nF363959Q,"Civil engineer, contracting",Wilson LLC,1975-12-22
Dr. Pamela Kelly,NH650078C,Stage manager,Robinson Ltd,1970-09-07
Elijah Blake,gK166226r,Sales executive,"Wilson, Guerrero and Carroll",1916-06-22
Patricia Douglas,HZ468163M,Museum/gallery exhibitions officer,"Cohen, Young and Wilcox",1914-01-28
Carlos Drake,sv897787V,Research scientist (maths),"Larson, Perez and Scott",1933-05-28
Jacob Romero,Rz192662P,Control and instrumentation engineer,Martinez-Ingram,2018-07-14
Autumn Reese,Uz477326T,"Research officer, government",Myers PLC,1972-04-24
Jonathan Graham,uN899677z,Wellsite geologist,Perez-Madden,1913-06-17
Vanessa Gross,qS244274t,Museum education officer,"Floyd, Young and Gonzalez",1959-06-06
Hayley Petersen,Lj355099V,Counselling psychologist,Morris Ltd,1977-06-09
Jennifer Mason,IS465604i,Commercial/residential surveyor,Avila-Moon,1910-11-29
Scott Gregory,Ee522831m,"Lecturer, higher education","Brown, Stewart and Parker",2003-06-30
Heidi Mueller,Jt766507p,Chartered legal executive (England and Wales),"Roberts, King and Velasquez",1911-09-22
Amy Elliott,TT987842G,Oceanographer,Wade LLC,1923-08-18
Sandra Mitchell,eR509473u,Video editor,Allen PLC,2005-11-29
Kenneth Velasquez,lh556406g,Learning mentor,Sosa Inc,1987-06-14
Joann Wilson,YJ175184a,Child psychotherapist,"Page, Martinez and Rosales",1914-08-09
Christopher Foster,lC182618q,Commercial art gallery manager,"Lang, Jackson and Hartman",1966-07-14
Jasmine Moran,YH127769T,Rural practice surveyor,Tran-Mitchell,2006-10-02
Mindy Tapia,gG846489w,Museum education officer,"Anderson, Curry and Mayo",2009-05-28
Jesse Fletcher,oA180275Z,Quality manager,Taylor-Cooper,1993-06-27
Alice Mejia,dN306241I,"Buyer, industrial",Acevedo Inc,1941-08-13
Christopher Flores,uz641944R,Film/video editor,Johnson Inc,2005-04-18
Christine Smith,RU661857s,Operational investment banker,Simmons Inc,1938-01-10
Lisa Price,uy566598p,Counselling psychologist,Myers-Warren,1945-10-25
Stephanie Owens,hk445576T,"Secretary, company",Crosby LLC,1963-07-12
Monique Ortega,rD805872i,"Pharmacist, hospital",Villanueva-Barr,2023-09-04
Mr. Matthew Rogers,uf157145f,Psychiatrist,"Gomez, Lewis and Hutchinson",1945-02-22
Martin Fisher,Tc560388b,"Engineer, water",Johnson-Williams,1984-06-12
Laura Anderson,ZN616491M,Astronomer,Davis LLC,1955-10-19
Abigail Reed,mK571370G,"Scientist, biomedical","Cunningham, Farmer and Barnes",2010-12-22
Diana Henderson,by310811e,"Engineer, manufacturing systems",Beasley-May,1914-09-24
Robert Duran,Jo185829C,Horticultural therapist,Larson-Pugh,2012-07-29
James Lindsey,FT936293r,Press photographer,Mora Group,1981-08-20
Jesse Berg,AK544607Y,"Accountant, chartered management",Hernandez-Yu,1993-07-17
Jeffrey Campbell,sz746614q,Best boy,Delgado Group,1977-11-07
Matthew Graham,Mm566785j,Banker,Harrison-Phillips,1928-08-31
Virginia Phillips,St342443u,Product/process development scientist,Fernandez-Yang,1914-03-19
Gregory Warren,sa770790S,Mudlogger,Stuart and Sons,1917-07-14
Michelle Perry,VE236485u,Special educational needs teacher,Buck Ltd,2004-06-13
Katherine Espinoza,zR291589D,Telecommunications researcher,Morgan PLC,1993-02-23
Shelby Reid,cO185225x,"Psychotherapist, child",Ruiz Ltd,1946-01-05
Anthony Smith,Jr973850G,Systems developer,"Nielsen, Gordon and Wright",1923-01-22
Scott Garner,IR840130F,Chief of Staff,Fuentes and Sons,1996-06-30
Scott Cruz,Om715549m,"Buyer, industrial",Thompson-Jones,1929-01-20
Pamela Willis,BS332790q,Insurance account manager,Singh-Wilson,2005-05-08
Brett Jennings,aS563455Z,Forensic scientist,"Pena, Thomas and Williamson",1936-03-21
Nicholas Sanford,aX448465I,Applications developer,Cook-Wilson,1961-01-26
Nathaniel Mccarthy,Ch708102N,Sports therapist,Johnson-Marshall,1977-10-19
John James,Vr684998A,Television floor manager,"Wilkinson, Reed and Lewis",1944-03-09
Matthew Cruz,FE366302E,"Teacher, music",Aguirre LLC,2010-07-24
Jennifer Berger,eU437290u,"Production assistant, television",Cox PLC,1919-06-24
Tim Blankenship,HE204337R,"Psychologist, occupational",Richards and Sons,1976-05-22
Beverly Conley,IT975522v,"Engineer, land",Nunez and Sons,2020-08-08
James Phillips,JR705698A,Forensic psychologist,"Ramirez, Hernandez and Fischer",1980-02-09
Mrs. Kimberly Randall,Aw751402D,Environmental education officer,Young and Sons,1960-06-08
Kenneth Miller,uE525536y,Research scientist (life sciences),"Flores, Melton and Coleman",1990-06-07
Daniel Rodgers,QV268448B,"Scientist, research (medical)","Alexander, Flynn and Miller",1967-03-12
Erica Johnson,MI314332d,Music tutor,"Mason, Warner and Pitts",2003-12-17
Michaela King,UJ520643E,"Buyer, retail","Johnson, Mendoza and Anderson",1921-07-09
Elizabeth Gardner,qr938322B,"Scientist, forensic",Harris-Armstrong,2007-09-04
Meghan Heath,fP316306Z,Lawyer,"Wilkinson, Hood and Long",1938-10-07
Amy Byrd,OL388933K,Printmaker,Warren Group,1992-05-03
Michele Lin,tT734216J,"Psychotherapist, dance movement",Roth-Lawrence,2023-07-27
Angel Hale,YS834731z,Site engineer,Lyons and Sons,1933-04-07
Andrew Greene,wU824817m,"Administrator, sports",Jones-Ruiz,1955-02-13
Jonathan Johnson,iD112569z,"Geologist, engineering","Smith, Barry and Williams",1942-10-14
Rachel Johnson,dT443107C,Site engineer,Burns PLC,1919-08-30
Dana Ritter,iE165415K,Public relations account executive,"Brooks, Harrell and Brown",2017-06-20
Eugene Hale,iH667984u,"Conservation officer, nature","Barnett, Mccarty and Hahn",1922-12-13
John Perez,Ap789809t,Advertising art director,"Hall, Sutton and Soto",2002-02-03
James Walker,NU942783B,Management consultant,"Hill, Pugh and Guerrero",1934-10-08
Brenda Serrano,CX973280h,Dance movement psychotherapist,"Montgomery, Williams and Smith",1938-11-17
Barbara Barker,ku742399n,Ophthalmologist,Greer Group,1949-09-06
Benjamin Harper,vr982767N,Oncologist,Davis Ltd,1936-02-25
Wesley Aguilar,eS200379i,Landscape architect,"Jackson, Flores and Gordon",1958-05-20
Katie Estes,eZ783044s,"Clinical scientist, histocompatibility and immunogenetics","Maxwell, Becker and Scott",2019-03-01
Sarah Walter,nK330920h,"Physicist, medical","Smith, Gonzalez and Miller",1978-12-27
Brian Reyes,cY819137Y,Acupuncturist,"Hampton, Perry and Brown",1956-07-04
Francisco Herman,pi981813y,Astronomer,Fernandez Inc,2020-02-06
Kenneth Melendez,AU142597j,Advertising account planner,Leon-Smith,1923-06-08
Dr. Kendra Blake,Lp538368Q,Occupational psychologist,Flynn PLC,1973-01-23
Jacob Mcgee,ob777000r,Consulting civil engineer,Alvarez Ltd,1917-12-07
Joseph Harris,vA347070v,Petroleum engineer,Jones LLC,1929-02-09
Michael Odonnell,Zl812597Z,Newspaper journalist,"Robles, Perkins and Kelly",1997-11-20
David Bryan,ej644660Y,Travel agency manager,Mcdonald-Walker,1992-07-02
Daniel Jackson PhD,uG754468Z,Public librarian,Davis Inc,1913-06-14
Nicole Carter,Gx282386J,Quarry manager,Thomas-Bray,1956-01-15
Joseph Hancock,VZ912415X,Maintenance engineer,Jones-Sparks,1955-10-29
Mark Hardin,rY398858m,Scientific laboratory technician,"Haas, Valenzuela and Harris",1990-05-14
Vicki Roy,LK920593F,Multimedia specialist,Maldonado LLC,1977-04-27
Paige Gonzalez,dY351368M,Illustrator,Mercado-Smith,1953-05-09
Jennifer Allen,Sm790584j,English as a foreign language teacher,"Kennedy, Moore and Wolfe",1920-04-26
Jennifer Winters,SG975093W,Music tutor,Kirk-Mccann,2010-08-04
Zachary Johnson,jT573780q,Dealer,Anderson-Green,2010-08-30
Terry Carlson,jh995731I,Fisheries officer,"Williams, Lewis and Nelson",1986-11-16
Anthony Walker,Cu143532J,Chief Executive Officer,"Long, Tate and Butler",1990-08-15
Hannah Gardner,DR354777H,Theme park manager,Miller Group,2022-06-10
Mallory Wilkerson,Wr479149C,Travel agency manager,"Olson, Glenn and Perry",1942-05-19
Phillip George,AR364015I,Commercial/residential surveyor,Lane-Ross,1917-01-29
Brian Velasquez,Om142374d,Volunteer coordinator,"Gillespie, Pearson and Sosa",2005-06-20
Michael Keller,lj671724G,"Administrator, local government",Knox-Hernandez,2009-06-10
Kimberly Ramirez,qr888252e,Bonds trader,"Harrington, Sanchez and Patton",2006-12-12
Benjamin Hodges,nM969565j,Ship broker,Jackson-Kennedy,2008-03-03
Sandra Taylor,VC870521N,Chief Technology Officer,"White, Foley and Riley",2020-07-01
Samuel Weaver,CZ917826s,Lawyer,Coleman-Williams,1913-05-11
Renee Beasley,DM816371r,Tourism officer,Tucker-Ramos,1962-12-29
Mrs. Chelsea Herring,sq449055V,"Surveyor, mining",Cooper-Morgan,1971-10-03
Matthew Anderson,AP102710x,Passenger transport manager,Berry LLC,2012-07-17
David Mcguire,uV866474H,Herbalist,"Scott, Wyatt and Palmer",1967-05-10
Kevin Mitchell,vz749398C,Quarry manager,Brown and Sons,2016-03-14
Paul Thornton,Yd354964V,"Engineer, electrical","Goodwin, Todd and Sandoval",1972-03-09
Elizabeth Hansen,Kw345446L,Computer games developer,Miles-Smith,2000-03-31
Carol Craig,wM538588B,Learning disability nurse,Stevenson Ltd,2009-05-16
Jeffery Johnson,mj449436M,Youth worker,Howard Group,1931-09-04
Melanie Patterson,uh291083V,"Scientist, research (maths)","Haynes, Goodwin and Bishop",2004-09-18
Christina Sanders,lv746211J,Architectural technologist,Cole-Massey,1924-06-16
Christopher Jones,mx762526N,Teaching laboratory technician,Quinn-Crawford,2019-12-03
Alexander Hunt,Xi844838X,Social worker,"Maldonado, Ryan and Harrison",2015-12-22
Scott Parrish,We264278V,Textile designer,Pugh-Black,2008-05-23
Kristy Arroyo,pz793919E,"Nurse, mental health",Freeman-Wise,1990-01-09
Dave Thomas,Ns582834g,Higher education lecturer,Barrett PLC,1998-08-21
Dennis Fernandez,kb454740m,"Radiographer, diagnostic",Martinez-Nichols,2008-01-18
Lori Fleming,Sg680728Z,Further education lecturer,Thomas Ltd,1968-06-23
Felicia Lane,rE538552V,Artist,Williams-Dalton,1935-10-13
Meghan Duncan,Dx824732a,"Lecturer, higher education",Jones PLC,1981-05-12
Christine Mayo,Or152091l,"Loss adjuster, chartered",Soto-Hernandez,1955-04-02
Tim Edwards,Th877544f,Special educational needs teacher,King-Rodgers,2014-11-23
Brian Henry,ph784021m,"Copywriter, advertising","Lucas, Williams and Wade",1935-02-11
Cristina Buchanan,bq112710J,"Therapist, occupational",Calderon-Jackson,1910-04-23
Daniel Odom,oY863188w,Television camera operator,Chen PLC,1993-12-31
Alex Williamson,OO992044u,"Engineer, maintenance (IT)",Stephens Ltd,1979-09-29
Alexa Nelson,rB210106c,Occupational therapist,"Perry, Bowman and Moore",1948-07-21
Kristina Thompson,io481867C,"Designer, jewellery",Harrison-Reeves,2015-06-16
Cindy Lee,kK375230E,"Designer, blown glass/stained glass",Mcdonald PLC,2018-05-15
Anthony Burns,mi403212y,Hospital pharmacist,Martinez PLC,1992-07-14
Joshua Walker,iv385416f,Contractor,"Porter, Chapman and Parks",1914-11-24
Megan Phillips,VP992280v,Horticultural therapist,"Stone, Skinner and Gonzales",1985-02-19
Judith Lara,sU954889x,Printmaker,"Rodriguez, Schmidt and Bowen",2004-07-23
Robert Miller,hM622830P,Broadcast presenter,Taylor-Caldwell,1963-04-20
Samantha Burnett,YO404782s,Advertising account executive,"Gonzalez, Floyd and Washington",1948-11-18
Sandra Smith,Tl224165s,Broadcast engineer,Hudson PLC,1963-02-02
Michelle Campbell,uH659985d,"Surveyor, rural practice",Valdez Group,1949-09-14
Tiffany Harper,Cu633246O,"Surveyor, mining",Middleton-Thompson,1954-04-21
Michelle Smith,px736038n,Actor,"Wilson, Hughes and Campbell",1996-05-25
Donna Washington,kU538097u,Bonds trader,"Powell, Saunders and Berry",1911-07-27
David Lynch,qf863153W,"Psychologist, clinical",Kim-Richmond,1923-08-18
Kyle Blevins DDS,jb264302o,Psychiatrist,Lopez-Hines,1972-12-31
Juan Martin,PJ879145X,Facilities manager,Rangel Ltd,1946-03-25
Jacob Luna PhD,bW649067S,Clinical embryologist,Harrison LLC,1961-05-25
Roberto Moore,SU671845H,"Doctor, general practice",Mills Inc,1961-01-26
Drew Black,Oa217332W,"Engineer, communications",Yang-Hunt,1934-05-23
Jennifer Patton,sL197644X,"Programmer, multimedia",Munoz-Sullivan,1920-12-29
Tony Pierce,Gc835792x,"Research officer, government",Mckay Inc,1945-06-27
Sarah Williams,OZ671968N,Communications engineer,Carroll LLC,1920-11-01
Roger Harris,Qy111512o,International aid/development worker,"Henson, Dixon and Olson",1928-04-11
Robert Gonzalez,pA812311Q,Osteopath,Edwards-Lowery,1913-05-19
Stephen Baker Jr.,IG990117C,"Engineer, maintenance",Johnson-Hunt,1994-09-09
Susan Hill,sw669781j,Homeopath,Ramirez Ltd,2006-04-09
Jennifer Duncan,lU274552w,Marketing executive,Maxwell-Gonzalez,1962-12-09
Ashley Rodriguez,Ff353987T,Clinical psychologist,Larsen LLC,1942-04-25
Dakota Christensen,HX144307e,Archaeologist,Hays Inc,1933-12-04
Michael Cook,yG892625d,"Engineer, water",Cruz-Thompson,1928-03-04
Amy Powers,wc301781E,Theme park manager,"Higgins, Callahan and Wilson",2014-12-29
Lori Weiss,Lq543099K,"Scientist, clinical (histocompatibility and immunogenetics)",Williams-Hunter,1946-11-14
Jordan Ellis,qn905586A,Fisheries officer,Stone PLC,1937-07-30
David Garcia,Xy505619q,"Investment banker, corporate",Sawyer LLC,1987-04-07
Laurie Barber,FF690069O,Occupational hygienist,Randolph Ltd,2022-08-04
Michael Burgess,mO353323w,Manufacturing engineer,Hester Group,1959-03-05
Timothy King,ps717881B,Operational researcher,Smith-Oneill,1956-06-18
Kim Perkins,FW436085f,Personal assistant,"Gates, Johnson and Martinez",1915-03-17
George Walker,pw316818P,Clinical molecular geneticist,"Wright, Harvey and Parrish",1969-06-07
Matthew Martinez,pZ491604O,Pension scheme manager,"Kim, Valdez and Carter",2020-10-27
Dustin Escobar,gh342759J,"Engineer, water","Jenkins, Mullins and Proctor",1925-06-11
Larry Brown,uR359522w,Operational researcher,"Contreras, Williams and Park",1956-10-29
Chad Coleman,Eu124377K,Customer service manager,"Shea, Jones and Duncan",2024-04-08
Jessica Cameron,RP222124c,"Therapist, nutritional",Byrd-Young,1939-02-26
Marie Silva,Gn991447u,Recycling officer,Lee-Kaufman,2016-07-09
Christopher Shelton,cD952494q,"Administrator, education",Prince and Sons,1991-01-05
Rebecca Cooper,pA987243g,Financial controller,Shannon Inc,2004-06-26
Shawn Lowery,bA124173S,"Doctor, hospital",Smith-Phillips,1911-01-11
Brandon King,LM801054O,"Scientist, research (physical sciences)",Wilson PLC,1978-12-22
Shane Gross,Jz564057E,"Designer, blown glass/stained glass",Sanders-Brewer,1944-07-16
Richard Cameron,UR899180l,"Engineer, materials","King, Kelly and Nguyen",1982-03-20
Danielle Marshall,jO422926H,Research scientist (life sciences),"Mcdonald, Holland and Rogers",1977-10-29
James Freeman,PJ268829v,Air traffic controller,"Moore, Moore and Reynolds",1978-12-16
Robert Williams,Zt278381I,Occupational therapist,Bates-Smith,1962-09-26
Nicole Hall,wy187639x,Psychiatrist,Reyes Ltd,1948-12-28
Jason Russo,jH787325P,Film/video editor,Fernandez Group,2009-03-12
Cynthia Rogers,iy639372A,Dietitian,Mann-Taylor,1935-09-29
Amanda Winters,oU740781w,"Journalist, broadcasting",Weaver-Jones,1992-05-25
Terri Stafford,Wo158319l,"Engineer, materials","Gillespie, Juarez and Lam",2008-05-20
Keith Velasquez,hZ384030B,Operational researcher,"Gillespie, Taylor and Davis",1915-08-10
Ronald Sweeney,gQ756410M,Chartered legal executive (England and Wales),Farmer-Lee,1958-06-07
Lisa Melendez,ln403601G,Investment analyst,"Miranda, Barajas and Johnson",1973-04-14
William White,VK248811n,"Engineer, materials","Clayton, Jacobs and Williams",2004-03-13
Victoria Young,zO390136M,"Designer, fashion/clothing",Olson Inc,1956-05-30
Jeremy Wilson,lW988283M,Financial adviser,Hughes-Gray,1969-10-03
William Lin,tU506151k,Corporate treasurer,Ellison-Sanders,1980-02-09
Shannon Davis,qh160448f,Arts administrator,Hampton-Meyer,1910-06-28
Dawn Baxter,zb121985Q,Wellsite geologist,"Martin, Wood and Lambert",1973-01-02
Kelly Alexander,ju260709L,IT consultant,Cortez-Edwards,1994-11-03
Lisa Banks,yj445451P,Data scientist,Marks Inc,2011-05-28
Cheyenne Hall,dp555765j,Television camera operator,Cain Inc,1947-05-07
Helen Martin,DR889569n,"Scientist, marine","Lynch, Morris and Bishop",1913-06-19
Kelly Williams,rw988231z,Interior and spatial designer,Daniels-Roberts,1919-03-02
Kevin Paul,UR939642Y,Facilities manager,Johnson-Williams,1963-10-15
Sandra Bailey,oP715873E,Fine artist,"Lopez, Black and Turner",1949-07-07
Jonathan Coleman,wT721559f,Risk manager,Arnold-Brady,1996-06-03
David Romero,Ed557271d,Theatre stage manager,Wood Ltd,1963-08-13
Kerry Kim,nv583123s,"Chemist, analytical",Estrada-Campbell,2011-08-26
Barbara Underwood,lo682858Z,Theme park manager,"Wilson, Martin and Smith",2021-11-20
Jeffrey Stewart,YG337477E,Airline pilot,Davis-Henderson,2019-05-31
Gary Freeman,yJ403882X,"Lecturer, higher education","Lang, Kane and Frazier",2020-12-03
Jason Cameron,Pj182054f,Freight forwarder,Gill-Collins,1957-06-09
Yolanda Adams,Dm880586j,Podiatrist,"Macdonald, Davis and Underwood",1998-10-17
Dwayne Hughes,eb372943L,Equities trader,Jackson-Bright,1995-02-20
Kevin Wyatt,OW308839N,Commercial horticulturist,Osborne Group,2004-01-17
Katherine Bass,fD582625m,Forensic scientist,"Foley, Butler and Sanchez",1981-09-11
Lisa Young,XG586843j,Bookseller,Brown Inc,1939-09-17
Diane Baker,cV153839N,Risk analyst,Rodriguez and Sons,1997-07-30
Troy Brooks,nV173918R,Chartered public finance accountant,Barnes Inc,1959-03-03
Russell Cardenas,ud376048f,Broadcast engineer,Flores-Green,2020-07-19
Johnny Summers,MM153933S,Quarry manager,"Kennedy, Russo and Johnson",1991-12-16
Jenna Richardson,pj236955Y,Animal nutritionist,Dawson Group,1920-08-10
Robert West,Pu881240l,"Designer, interior/spatial",Davidson-Meadows,1992-02-17
David Newton,zW813638x,Naval architect,Brown-Lawrence,1988-12-12
Tina Davidson,sL605871F,"Surveyor, building control",Patton-Gomez,1971-10-03
Todd Terry,nJ850107T,Publishing copy,Robles Group,2022-04-04
Rebecca Valencia,qG422676O,Intelligence analyst,Tucker-Hall,1986-07-24
Andrea Johnson,es561788S,"Loss adjuster, chartered",Robinson-Morris,1951-05-23
Marie Mcdonald,gE369199A,Advertising account planner,"Carr, Cuevas and Buchanan",2024-07-24
Andrew Soto,fE510326j,Clinical research associate,Green-Salazar,2011-07-12
Scott Patel,yQ580515I,"Production assistant, radio",Hernandez Inc,2009-01-20
Mary Thomas,Qj549813F,"Journalist, broadcasting",Green Inc,1959-11-17
Victoria Marquez,bl458784t,"Engineer, mining","Hendricks, Robinson and Hutchinson",1967-02-11
Mr. Benjamin Robinson PhD,sv881015h,Educational psychologist,"Adams, Young and Jennings",2001-05-21
Melissa Hernandez,CZ456919c,Legal executive,Khan and Sons,1987-01-30
Melanie Campbell,EB894363O,Biomedical scientist,Kelly-Taylor,1968-08-29
Kelsey Sanders,fr957022C,"Research officer, political party","Kim, Harding and Williams",1921-12-04
Meghan Bush,vR629273Y,Equities trader,"Garza, Logan and Clark",2021-03-05
Sarah Obrien,Pq785935Y,Event organiser,Tran LLC,1981-04-01
Aaron Tran,CX428227r,"Accountant, chartered public finance",Hawkins-Miller,2019-01-17
Melissa Orozco,tT636400I,"Radiographer, diagnostic",Mitchell-Farley,2003-12-23
Molly Clark,bj852059A,"Pharmacist, community",Wilson-Ritter,2006-07-02
Corey Robertson,Hm742152a,Furniture conservator/restorer,"Moreno, Garcia and Shannon",1997-02-24
Joel Gonzalez,oq552930i,Public relations account executive,Ruiz Inc,1958-01-08
Bianca Collier,RS957517h,Financial planner,"Adkins, Holt and Santos",1993-12-03
Kevin Cruz,jw493112C,Brewing technologist,Carey-Garcia,1983-04-05
Joseph Logan,pu357604x,Drilling engineer,"Smith, Ray and Marks",1983-05-11
Marc Cooley,pQ720544h,"Development worker, international aid","Villarreal, Arnold and Ruiz",1960-02-22
Rachel Parsons,iO396602f,"Accountant, chartered management",Brown Group,1931-09-14
Mr. Edward Jones Jr.,WC562823l,Publishing rights manager,Gallagher-West,1981-07-19
Rhonda White,qu478898W,Records manager,Williams Inc,1977-06-03
Shawn Perry,Iq824733T,Environmental health practitioner,Lewis LLC,1913-09-28
John Huffman,he426127T,Sport and exercise psychologist,Wiley LLC,1983-12-07
Bradley Banks,PK390623H,Clinical psychologist,Nielsen Group,1996-05-24
Danielle Sullivan,rM792648k,Multimedia programmer,Allen Group,2020-03-06
Derrick Allen,pF977673J,"Surveyor, insurance","Hudson, Riley and Horton",2021-12-07
Francisco Jones,UP151284F,"Horticulturist, commercial","Payne, Wilson and Mendoza",1996-11-05
Tiffany Carr,MR949662I,Jewellery designer,Clark-Silva,1973-10-23
Ryan Wade,il130208x,Amenity horticulturist,Walsh-Rose,1998-07-23
Robert Cunningham,NM382535e,Manufacturing engineer,Murphy LLC,1976-04-09
Bianca Rhodes,sg486785w,Geoscientist,Bush-Weber,1929-07-09
Tami Abbott,vD250638Y,Maintenance engineer,Yates-Pennington,2013-12-29
William Harris,le866261F,Energy engineer,Rodriguez LLC,1977-08-16
Stefanie Bryan,tq255819o,"Development worker, international aid",Bauer-Garcia,1951-07-19
Charles Perkins,qh504752r,Tourist information centre manager,Marshall and Sons,2013-10-06
Diana Smith,rZ125077C,Logistics and distribution manager,Hudson-Soto,2021-02-12
Douglas Perry,rI374906J,Conference centre manager,"Taylor, Flores and Green",1924-01-16
Deborah Morales,gS685848L,Theme park manager,Juarez-Moran,2001-02-27
William Jones,CO462006f,"Scientist, product/process development",Johnson and Sons,2024-09-23
Alicia Garcia,ZE258559S,Insurance risk surveyor,Ford-Blackwell,1979-09-18
Janet Martinez,UB535620q,Haematologist,"Peterson, Dawson and Williams",1972-07-07
Emily Wilkins,II560067T,Risk manager,"Thompson, Jordan and Cowan",2014-09-13
Jonathan Hayes,gN577479j,Graphic designer,Spencer-Reynolds,1944-03-26
Craig Valencia,Gw105662F,Customer service manager,Adams-Carr,1935-05-09
Kimberly Frazier,Uj415286V,Early years teacher,"Miller, Hernandez and Anderson",1927-11-28
Marc Huang,OH467799T,"Designer, interior/spatial","Wright, Haynes and Smith",1938-06-19
Dr. Christina Schroeder,ye674100P,Tourist information centre manager,Moore Inc,1913-02-14
Kenneth Leon,mn831887c,Transport planner,Townsend-Pace,1991-08-11
Charles Cox,ud351849X,Cartographer,"Foster, Campos and Olson",1984-11-12
Aaron Crane DDS,Tf528955i,Cartographer,Taylor-Miller,1947-03-23
Summer Stone,aB277783S,Clothing/textile technologist,Sullivan PLC,1939-06-18
Zachary Spencer,bG310101n,"Designer, television/film set",Thompson-Stephens,1973-03-28
Jonathan Hill,Oa577485x,"Scientist, clinical (histocompatibility and immunogenetics)",Garner-Barker,2016-04-12
Alexis Snyder,FY435023E,"Engineer, control and instrumentation",Gill-Lopez,1912-10-08
Christian Scott,zj431760f,Careers adviser,"Ballard, Thomas and Mitchell",1958-01-03
Amy Jarvis,cj978636W,Industrial/product designer,Anderson Group,1976-09-09
Teresa Moran,Um555296c,Ophthalmologist,Wright-Koch,1968-01-15
Miss Susan Miranda PhD,QK975089W,"Scientist, research (maths)","Townsend, Gilmore and Robinson",1910-01-16
Mr. Paul Jones,vd553257j,"Engineer, production","Barrett, Hale and Burke",1982-05-02
Doris Johnson,RA735749U,Musician,Perez Inc,2019-03-22
Michael Martinez,nQ466003t,Interpreter,"Wong, Clark and Thompson",1975-11-17
Jonathan Black,qh587991Z,Product designer,"Hicks, Stone and Cabrera",1941-04-02
