street_address,city,country,postcode
7738 Oconnor Forges,Tatehaven,Iceland,98428
05547 Hodges Port Suite 337,Anthonyberg,Oman,04929
7896 Sabrina Union Suite 137,Garzahaven,Marshall Islands,11694
453 Michael Rest,Sandrabury,Bhutan,78685
3627 Lewis Oval,Simmonsfurt,Saint Vincent and the Grenadines,21598
97537 Heather Mountains,Suzanneport,Ireland,72926
8031 Richard Estates,North Robert,France,88278
630 Cooper Forges Suite 566,Kennedymouth,Mali,68645
3725 Michael Path,Lake Adam,Spain,88441
7586 Robert Plaza,Rodriguezmouth,Honduras,87157
00067 Galvan Center Suite 899,Port Nina,Panama,62626
6450 Martin Station,Lake Ian,Cote d'Ivoire,19781
184 James Wells Suite 071,Port Daniel,Norfolk Island,70384
1122 Brown Mall Suite 946,New Denisehaven,Taiwan,10445
9809 Timothy Viaduct Apt. 994,Robinton,Colombia,80974
655 Mendoza Squares Suite 263,Heatherton,Iran,47207
69028 John Pine Suite 451,Lauramouth,Sweden,41798
25084 Davis Shoals,Jordanland,Japan,65830
895 Larry Radial Suite 761,Gomezside,Namibia,71145
086 Mark Mountain,West Robertview,Saint Vincent and the Grenadines,16121
8535 Escobar Harbor Apt. 529,North Jerry,Anguilla,11573
435 Cruz Plains Suite 130,Meganland,Latvia,85802
54372 Karen Plaza,North Michaeltown,British Indian Ocean Territory (Chagos Archipelago),74276
15066 Kim Key Apt. 059,Lake Jenniferberg,Malaysia,47834
282 Jamie Wells,West Aaron,Madagascar,45756
74333 Torres Estate Suite 918,North Kevin,Gibraltar,21893
473 Norman Alley Suite 132,Kochside,San Marino,99074
1550 Roberts Trace,Johnchester,Montserrat,90838
15394 Tony Forest Suite 612,Howemouth,Angola,51128
0144 Howard Inlet Suite 879,New Kaylee,Costa Rica,95534
24556 Luke Port,North Jill,Switzerland,01739
7042 Vargas Lake Apt. 552,Fullerstad,Swaziland,74993
3680 Jackson Courts,Lake Joshuaside,Liberia,63718
05961 Cunningham Passage Apt. 417,Lake Lisaburgh,Nauru,42096
02208 Emily Meadow,Destinyfurt,Togo,45106
63695 Elizabeth Highway,South Brittany,Cuba,41839
3864 Robert Grove,West Ashleybury,Saint Lucia,09842
2665 Pena Shores Apt. 403,New Tammy,Russian Federation,88157
8011 Christine Wells Apt. 211,Port Mariamouth,Hungary,26172
94219 Pierce Viaduct,West Sergiomouth,Saint Kitts and Nevis,42757
28544 Jennifer Throughway,East Heather,Cote d'Ivoire,13584
83648 Robertson Shores Suite 904,Annachester,French Guiana,80529
6960 Hayes Lane Suite 620,Port Pamelashire,Heard Island and McDonald Islands,39847
818 Banks Dale Apt. 378,Floresport,Mayotte,71656
24326 Clark Lock Apt. 757,East Brittanyville,Burundi,62867
76664 Townsend Wells Suite 927,Port Casey,Mozambique,12147
00633 Ricardo Mountain Apt. 768,Nguyenmouth,Mauritania,68867
289 Kathryn Junctions,Port Philip,Pitcairn Islands,72110
1119 Jennifer Wells Apt. 929,New Allisonmouth,American Samoa,33563
7462 Wanda Islands,Lake Staceyside,Finland,41718
51073 Johnson Extension,Robertbury,Micronesia,12374
2167 Darren Hill,Stephanieview,Timor-Leste,58702
289 Austin Street Apt. 560,South Dianaborough,Cambodia,52976
7756 Jason Street Apt. 329,East Jamesland,Colombia,10464
448 Smith Parks Apt. 728,West Toni,Guyana,37116
669 Lucas View,East Samantha,Australia,28402
3090 Stevens Cliff Apt. 668,South Joshuastad,Jordan,93841
618 Larson Bridge Suite 225,Sharpton,Western Sahara,07855
35318 Bowers Ridges Suite 019,New Cynthiaburgh,Tanzania,04562
1707 Hill Mount Apt. 471,Lake Noahchester,Ukraine,19456
2216 Mary Plain,West Michaelport,Cambodia,17848
235 Charles Freeway Suite 096,Campbellchester,Heard Island and McDonald Islands,88564
07652 Jenkins Plain Suite 006,East Darrellton,El Salvador,14819
957 Delgado Extensions Suite 676,Jamesshire,Tajikistan,65725
13335 Austin Passage,Jacksonfort,Georgia,76380
4780 Flores Place,Deanshire,Poland,27062
26204 Dixon Courts Suite 258,South Daletown,Chile,12241
217 Thomas Forge Apt. 778,Elizabethburgh,Faroe Islands,69334
059 Kevin Islands Apt. 748,Perezland,United Kingdom,42925
420 Duarte Hollow Apt. 117,Simmonsside,Argentina,10330
66472 Nelson Squares,Victorshire,Croatia,02751
91714 Grant Burgs,Sullivantown,Myanmar,46709
2389 Perry Turnpike,West Mathewfurt,Kiribati,53681
7932 Jeremy Green Apt. 893,Kellyside,Egypt,53570
18765 Mcintyre Crescent Apt. 646,Sarahmouth,Nicaragua,14036
570 Zamora Forest Suite 980,Port Michaelton,Ghana,11955
606 Sarah Rest Apt. 352,Justinhaven,Samoa,90732
2297 Tony Turnpike,Brucechester,Cote d'Ivoire,58065
45337 Ramirez Islands Apt. 905,Glassfurt,Swaziland,86948
2753 Joshua Views Apt. 117,Port Mary,French Polynesia,16761
369 Ronald Port Apt. 518,Christinechester,Ukraine,42229
685 Smith Pass Apt. 104,Rodriguezbury,Andorra,92037
686 Rodriguez Vista,Baldwinmouth,South Africa,19902
199 John Square Suite 533,Vegaside,Georgia,88872
8761 Gaines Ramp Suite 491,Port Albertland,Saint Kitts and Nevis,09623
46044 Ashley Tunnel,Kurthaven,Bermuda,72544
72995 Tyler Common,Hallview,Cuba,16487
812 Jerome Locks,Bryanland,Cape Verde,37568
709 Dunn Lake Suite 526,Louisview,Trinidad and Tobago,46786
5478 Maria Forges,Kyleland,Congo,02874
06478 Christina Cliff,South Stevenberg,Gibraltar,88739
55260 Brenda Trail,Nicholaston,Gabon,36175
9832 Tracy Fort Suite 182,North Autumnbury,Saint Lucia,17013
9320 Sharon Islands Apt. 987,South Arthur,Honduras,30579
352 Bryan Ramp Suite 974,Smithside,Tuvalu,10941
517 Kenneth Ferry,Nicoleshire,Syrian Arab Republic,55977
24954 Wallace Lodge Apt. 360,Villegastown,Northern Mariana Islands,97847
05035 Figueroa Expressway Apt. 592,Troyport,Canada,52975
428 Michael Inlet Apt. 314,East Aaron,Namibia,05360
6710 Davis Hill,Richardsonside,Martinique,94362
8354 Love Trafficway,Russellfurt,Spain,89531
57850 Jacqueline Ranch Apt. 743,New Gregory,Congo,59671
376 Jon Ports,Pamelastad,Switzerland,98176
9225 Daniel Village,East Tanyatown,Kuwait,51920
2225 Wendy Village,Murphyton,Antarctica (the territory South of 60 deg S),38196
2217 Joshua Mountain Apt. 395,Port Adam,Palau,68626
3844 Leonard Street Suite 590,West Kathryn,Brunei Darussalam,36618
624 James Forge,Feliciaview,Vietnam,18245
178 Jerry Grove,Lake Cynthia,Iraq,56790
404 Jessica Ville Apt. 421,North Emilyside,Swaziland,35236
2813 Edward Village Apt. 137,Nicolebury,Martinique,20430
444 Carter Pines Apt. 664,Keithhaven,South Georgia and the South Sandwich Islands,04964
5978 Robin Center,Port Elizabeth,Germany,41075
39702 Thompson Mountains Apt. 608,Terrystad,Taiwan,77611
2793 Smith Plain,Leeport,Togo,52270
65122 Stafford Shoal,Hartmanchester,Brazil,49812
852 Tina Camp,Lake Taylorfort,Sweden,53264
54317 Brian Motorway Apt. 964,Pittmanhaven,Guinea-Bissau,32389
2108 Christian Forges Apt. 295,Robertmouth,Slovakia (Slovak Republic),38695
3209 Alex Junction,Newmanshire,Central African Republic,43980
939 Christopher Dam,North Heatherstad,Gibraltar,72024
767 Larson Mews Suite 910,West Richard,Thailand,07211
98356 Hanson Stream Apt. 272,West Jessica,Faroe Islands,29481
425 Jose Drive,Deborahside,Haiti,85659
8200 White Corners,Hawkinsmouth,British Indian Ocean Territory (Chagos Archipelago),53378
519 Amanda Streets Suite 396,South Allenburgh,Saint Barthelemy,60286
6316 Samantha Mountain Apt. 748,East James,Guam,86327
7862 Thompson Port,Carlyfort,Bulgaria,52146
7132 Keller Expressway,Jasonshire,Czech Republic,01788
144 Bailey Oval,Howardshire,Benin,86135
5184 Jones Islands Apt. 008,East John,Lesotho,85196
25425 Sharon Mill,Martinview,Nepal,34051
4030 Helen Brooks Apt. 187,North Jason,Burkina Faso,33733
131 Lee Street,Michaelburgh,Isle of Man,96487
184 Ross Village,Port Brittanytown,Turks and Caicos Islands,78871
553 Christopher Lakes Suite 172,South Angela,Vietnam,03484
590 Reese Rue,New Dennis,Comoros,33389
2932 Lauren Prairie,Lefort,Cuba,31967
5078 Brenda Rapids Suite 611,New Donna,Comoros,29948
0515 Williams Common Suite 708,Bryanburgh,Honduras,71257
174 Gonzalez Place,New Matthew,Montserrat,06474
1317 Adams Rapid,Wardland,Kazakhstan,79605
48761 Cruz Inlet Apt. 908,Lake Kimberlyview,Solomon Islands,56943
89094 Mary Coves,New Davidberg,Bahrain,53960
3920 Frank Islands Suite 703,Nancyfort,Cyprus,63216
4091 Gina Fall,Christensenfurt,Taiwan,21331
98600 Kathy Trafficway,North Stephanie,Heard Island and McDonald Islands,86335
46097 Mccann Fork,New Mackenziefort,Portugal,99479
69277 Johnny Land Apt. 172,Lake Sarafort,Bangladesh,85877
7118 Ruth Road Suite 471,East Andrew,Gambia,36458
3353 Robert Tunnel Suite 903,Stokesbury,Argentina,13196
3508 Kimberly Coves Suite 657,Burnshaven,South Africa,80558
8205 Bradley Mills Apt. 949,Ashleybury,Kyrgyz Republic,24606
2330 Brooks Mountains,Adamsport,Poland,82877
26349 Bradley Mews,Carolynborough,Netherlands Antilles,99295
6742 Mendoza Forges,Zacharyfurt,Peru,21729
7545 Steele Spur Apt. 339,Port William,Kazakhstan,78028
84998 James Mountain,West Vincenttown,Holy See (Vatican City State),45181
4383 Suzanne Mountains,Hooverview,Dominican Republic,83872
76504 Andrew Summit Apt. 818,Randallshire,Holy See (Vatican City State),93709
762 Jose Hill,East Mirandastad,Mauritius,88103
93773 Ball Shoal,Blakeshire,Bermuda,14493
7583 Lewis Field,Lake Joseph,Aruba,33393
425 Padilla Haven Suite 158,Lake Michelleton,Seychelles,51583
5747 Sean Brooks,New Robertoshire,New Caledonia,68779
191 Robert Extensions,Lake Michaeltown,Micronesia,37614
2855 Owens Parks,West Jamesport,Saint Barthelemy,47527
415 Taylor Inlet,Jessicaview,New Caledonia,15432
11324 Day Rue Suite 428,North Jonathon,Turks and Caicos Islands,87989
057 Rodriguez Greens,East Sarahfurt,Uruguay,38044
93424 David Streets,North Katelyn,Germany,26154
73334 Jon Village Suite 531,Millerstad,Equatorial Guinea,34377
42708 Courtney Port,Harveyport,Albania,72921
629 Lucero Wells,New Laurenberg,Maldives,61152
63105 Hickman Greens,North Stephanie,Comoros,21337
338 Cynthia Expressway,Chavezburgh,Latvia,05418
1526 Bryant Camp Suite 163,Andreaton,Mayotte,02026
46059 David Crest,West Ruthburgh,Croatia,69371
182 Kyle Highway Suite 493,Richardburgh,Czech Republic,20861
4796 Golden Camp Apt. 020,North Thomas,Russian Federation,83606
41014 Graham View Apt. 311,Port Travis,Bahamas,40278
6400 Nichols Station,Underwoodfurt,Benin,32192
464 Smith Club,New Anthonymouth,United Kingdom,55976
35327 Hall Lodge Apt. 137,Sarahtown,Turks and Caicos Islands,42508
496 Chandler Oval Suite 361,Alvaradobury,Mauritius,61543
33080 Louis Drives Apt. 515,Port Chadport,Mayotte,48179
496 Elliott Mission,East Shannon,Switzerland,91098
71706 Doyle Trafficway,Garciaside,Kuwait,65795
648 Christopher Road Apt. 571,Williamsport,Barbados,70767
741 Nicole Haven,Martinezberg,Ghana,23146
009 Gill Divide,Millerport,Bolivia,47837
9115 Erin Shores,West Alicia,Monaco,99092
4493 Johnson Mount Suite 929,Kennethmouth,Gibraltar,07265
64263 Bethany Alley Apt. 929,Brittanyton,Moldova,14263
836 Raymond Mall Apt. 424,East Miranda,Botswana,20669
30225 Elizabeth Plains Apt. 529,West Linda,Trinidad and Tobago,22333
14381 Deborah Island Apt. 841,Lake Stevenfort,United States Virgin Islands,86798
78928 Garcia Village,South Christopher,Guernsey,62922
283 Elizabeth Canyon Suite 533,Brooksborough,Guatemala,22485
45951 Amanda Camp Apt. 300,Andrewsberg,Mauritius,01745
67556 Michelle Turnpike,Josephland,Montserrat,25241
596 Joseph Flats,Petersonville,Greece,01410
56577 Rebecca Fords Suite 269,Lake Leemouth,Gibraltar,24090
92732 Stewart Skyway,South Jeffreyville,Mongolia,86888
72027 Berry Point,New Donald,Brunei Darussalam,25313
66098 Alec Island Apt. 360,Lake Brian,San Marino,80069
73927 Jeffrey Roads Suite 949,Danamouth,Mauritius,37694
057 Jessica Lane Suite 609,Franciscomouth,Kyrgyz Republic,35769
658 White Pike Suite 495,South Michaelville,Cambodia,20378
31072 Rivera Ways Apt. 793,East Shannon,Iceland,24883
102 Schaefer Wall Suite 563,Danielville,Western Sahara,66031
89699 Wagner Rapids,North Tracey,Bolivia,22153
958 Ayers Ville Suite 690,New Aaron,Kenya,89378
105 Monica Crescent Apt. 824,Lancefurt,Cape Verde,56989
5386 Romero Brooks,North Ryan,Tuvalu,32140
240 Bradley Ville,Cindybury,Uganda,78977
89244 Laura Cove,Jeffreytown,Paraguay,05006
84594 Thomas Circle,North Jackview,Palestinian Territory,48095
2434 Courtney Prairie Suite 349,Katelynton,Montserrat,09475
72190 Brandon Overpass,Westhaven,Germany,70097
255 Johnson Meadows Suite 384,Garzachester,Maldives,27008
675 Mcclain Creek Suite 039,Chavezburgh,Sudan,48204
4630 Fitzgerald Mission Apt. 120,Thomasside,Congo,65888
781 Davis Harbor,Lake Brian,Malta,05275
93739 Terrance Expressway,Smithview,Central African Republic,49268
07377 Thomas Creek Suite 972,Smithfort,Chad,65067
0446 Emily Forges Apt. 018,South Brendabury,Pitcairn Islands,23652
66082 Thomas Alley Apt. 385,Sabrinaberg,Croatia,57880
66306 Anderson Mountain,Thomasview,Mayotte,31238
83360 Mays Lodge Apt. 340,Lake Dustin,Nicaragua,92376
679 Heather Harbor,Mcleanton,Portugal,17787
53322 Austin Dam,Colemanstad,Anguilla,00994
4922 Joann Lane Suite 545,South Lauren,Swaziland,36929
624 Wang Lodge Apt. 239,Emilyview,Niger,45508
4635 Albert Summit Apt. 444,Popeport,Jersey,32378
25902 Montgomery Valley,Jamesside,Central African Republic,87996
7378 Kelly Creek,Lake Christianchester,Tuvalu,95758
484 Randall Rapid Suite 640,Arielville,Cuba,26158
5935 David Vista Suite 858,Lake Wayneview,North Macedonia,82798
5161 Munoz Cliffs Suite 295,Nicolemouth,Antigua and Barbuda,74791
40434 Chavez Wells Apt. 160,West Eric,British Indian Ocean Territory (Chagos Archipelago),32484
38914 Brandi Knolls,Sarafurt,Egypt,83363
048 William Plaza,Lake Nataliefort,Ethiopia,99782
562 Cynthia Port,West Eric,South Georgia and the South Sandwich Islands,97209
160 Vanessa Mountains,East Helen,Canada,57087
7282 Bailey Wells,Port Kennethville,Panama,87086
1274 Cameron Turnpike,Fostermouth,Switzerland,36519
724 Kristie Spur,Lake Sharon,Canada,80072
877 Nancy Cliff,Dodsonbury,Bouvet Island (Bouvetoya),37912
004 Jeffrey Ridges Apt. 637,New Ryan,Lesotho,63616
018 Michael Well Apt. 418,Lake Victoriafurt,Mali,16214
76056 Cohen Mission Suite 823,Hintonhaven,Kiribati,55646
860 West Valley Apt. 781,Lake Bethport,Niger,42657
099 Moreno Ranch,New Mary,Marshall Islands,14819
810 Montgomery Lake Suite 241,East John,Nepal,40575
26234 Lyons Radial,North Sharon,Mongolia,22534
9111 Gardner Center,West Ryanchester,Holy See (Vatican City State),24522
89108 Castro Ridges Suite 575,East Johnmouth,Sweden,33406
21875 Timothy Isle,Maldonadoton,Lithuania,28178
02194 Malone Brooks,Sherryton,Senegal,23118
12798 Andrea Dale Suite 689,Phillipfurt,India,96899
3334 Jacqueline Crest Suite 019,Williamchester,Bolivia,64163
4857 Williams Brooks,Juliestad,Colombia,27138
3093 Brown Island Apt. 068,Elizabethburgh,Iran,75438
89409 Zachary Locks Apt. 310,Johnsonmouth,Paraguay,93083
34703 Holt Circle Suite 115,Fordhaven,Iran,34899
940 Christopher Green Apt. 832,Lake Christopherport,Israel,87662
827 Paula Shoals Suite 868,Jamieshire,Suriname,34524
939 Jared Well,New Brandontown,Lithuania,16376
75164 Hayes Ridges Apt. 744,North William,Congo,76173
37043 Elizabeth Passage Suite 383,Port Kathrynfort,Lithuania,76524
24756 Jackson Fall,Matthewbury,United States Virgin Islands,20803
15707 Benjamin Creek Suite 686,East Joseph,Antarctica (the territory South of 60 deg S),98206
906 Robert Coves,Port Samanthaburgh,Benin,76790
3290 Lindsey Loaf,Mitchelltown,Guinea-Bissau,62159
20006 Farmer Road Suite 434,West Kimberly,Dominica,00782
738 Burgess Courts,Erinfurt,Serbia,12447
635 Dustin Alley,West Dennisfort,Bhutan,52239
117 Holly Center,Robinsonview,Antigua and Barbuda,93667
7340 Kelly Spring Suite 321,West Oscarmouth,San Marino,74683
4782 Orr Hills,Josephton,Seychelles,91820
140 Jessica Course,Lake Christopher,Qatar,89179
420 Preston Burg,Port Shawn,Sao Tome and Principe,97994
6810 Crystal Station,East Kenneth,United Arab Emirates,75027
9332 Julie Meadows Apt. 472,New Shawn,Guinea-Bissau,92432
735 Leon Ways,Lopezstad,Ecuador,54119
980 Tracy Plain,South Carolynmouth,Peru,49421
2670 Crawford Fort Apt. 188,Port Christopher,Pakistan,31120
853 Scott Meadows,Lake Melissaburgh,Niue,01382
1028 Benjamin Junctions Suite 324,West Dawnview,Montserrat,40164
2944 Elizabeth Manor,West Robertfort,Montserrat,86431
0762 Nichols Ranch,North Mariaburgh,Netherlands,55728
046 Mack Meadow,Jaredview,Pitcairn Islands,03150
374 Mcmillan Curve Suite 649,East Jennifer,Belgium,70798
50216 Ibarra Route,Lake James,Turkey,35355
97645 Wang Parkways,Garciashire,Namibia,35520
923 Ward Skyway Apt. 936,Lawrencefurt,Iran,36779
722 Geoffrey Oval Suite 383,North James,Guadeloupe,11009
77477 Obrien Mall Suite 998,Rebeccaville,Colombia,92997
56903 Kenneth Bridge Apt. 696,West Thomasborough,Timor-Leste,77203
51122 Virginia Prairie Suite 718,Michelletown,Israel,01880
22125 Steven Row Apt. 408,Deckerton,Germany,98167
700 Michael Camp Suite 487,Smithtown,Tanzania,25401
262 Michelle Views,Valdezburgh,Saint Lucia,64113
07655 Michael Vista,Lake Rhondaview,Samoa,68121
7672 Jessica Street,North Kennethport,Kiribati,32205
859 Edward Pike,Clarkmouth,Kazakhstan,05390
4499 Tucker Stream Apt. 815,Port Charlesside,Ethiopia,88847
88802 Gray Mountains Suite 175,West James,Mauritius,89905
4522 Wallace Trail Apt. 923,West Wandachester,Northern Mariana Islands,85763
5149 Alan Gateway Apt. 948,Port Hannahstad,Suriname,08566
18119 Wendy Run,Gibbsside,Tonga,95536
245 Julia Manors,Perezmouth,Malaysia,16544
028 Morgan Lake Apt. 567,West Elizabethville,Jersey,85746
572 Allen Flats Apt. 184,Rodriguezmouth,Christmas Island,50676
10372 Nicole Plaza Suite 711,North Williamside,Djibouti,41755
132 James Stravenue Apt. 940,North Kennethview,Bouvet Island (Bouvetoya),82972
9292 Beasley Gateway Suite 985,Debrashire,Jersey,76741
46905 Ward Ranch,Perryburgh,Guatemala,25176
30605 Christopher Way,Williamsville,Egypt,36620
68366 Taylor Corners,Coleside,Bouvet Island (Bouvetoya),32869
078 Smith Landing,East Michellebury,Uzbekistan,62166
0497 Reynolds Crossroad,Shellyview,Comoros,56340
15560 Ryan Isle Suite 083,South Blakefort,Haiti,42442
5438 Evans Island Apt. 661,Adrianport,Syrian Arab Republic,48748
3022 Evan Parks,Robertfort,Ukraine,86749
131 Christopher Heights,Cynthiafurt,Western Sahara,42479
658 Joyce Ranch Apt. 338,Fullertown,Burkina Faso,07071
72477 Mejia Cape Suite 559,Johnsonstad,Israel,87743
96237 Christopher Trafficway Apt. 921,East David,Angola,73150
67690 Deborah Estates Suite 607,Theresashire,Papua New Guinea,72943
0599 Rodriguez Walk,Lake Nicolehaven,Antarctica (the territory South of 60 deg S),07101
862 Baker Brooks Suite 570,New Michellefort,Serbia,56250
7046 Ricky Drive,Johnsonmouth,British Indian Ocean Territory (Chagos Archipelago),32542
525 Chen Bridge Apt. 898,New Jennifer,Sri Lanka,87680
1541 Vasquez Branch Suite 058,Lucasfort,Ethiopia,74926
62598 Leon Mission Suite 937,Aguirrebury,Burundi,09549
30655 Castro Shores,Port Linda,French Polynesia,46992
08562 Kevin Wells Apt. 742,Schultzland,South Africa,44320
051 Angelica Dale,Aaronberg,Chad,16814
272 Richard Common,Lake Corey,Madagascar,77417
85769 Vasquez Ranch Apt. 541,Derekport,Papua New Guinea,35325
396 Michael Loaf Suite 491,Rhodesfort,Afghanistan,64409
57381 Nelson Trafficway Apt. 572,North Michael,French Southern Territories,66130
76135 Barrett Mountains,Larastad,Isle of Man,42165
8015 Daniel Expressway,Lake Tylerfort,Macao,58800
88068 Reyes Turnpike Suite 918,East Melissaport,Moldova,17453
69074 Dwayne Alley,New Scottberg,North Macedonia,85761
34158 Kevin Pine,Martinezview,Benin,29180
38768 Ashley Gateway,Garciastad,Mongolia,09679
7838 Craig Stream Apt. 225,Lewisbury,Netherlands,55101
7197 Butler Union,Jessicamouth,United States of America,98479
6785 Pacheco Port,West Richard,Malta,41157
713 Keith Heights,Grahamland,Sri Lanka,83791
125 Michael Crossing,East Keith,Yemen,67387
0688 Palmer Land,Smithfort,Saudi Arabia,35849
91430 Becker Knolls Suite 499,Lauraview,Gabon,47762
7102 Leah Mountains,Lake Jeffrey,Saint Barthelemy,78897
685 Young Plains Apt. 337,South Autumn,Anguilla,80179
200 Joseph Harbors Suite 346,Staffordchester,Morocco,12376
64436 Brian Greens,New Mary,Zimbabwe,55316
0611 Lisa Hollow Suite 034,Thomasport,Uganda,38477
96561 Padilla Flats Apt. 189,Frankmouth,Cocos (Keeling) Islands,09049
340 David Turnpike Apt. 436,Port Amandabury,Madagascar,44856
2624 Peggy Overpass,Melissamouth,Nicaragua,48529
95572 Page Terrace,South Katherinebury,Uzbekistan,20157
07022 Rhonda Valleys,North Jennifer,Moldova,93938
64040 Christopher Camp,Gutierrezstad,Bermuda,80986
4070 Nichols Common,Mckenziemouth,Moldova,88096
6918 Nicholas Mills Suite 831,East Ianfort,Heard Island and McDonald Islands,25817
5159 Daniel Trace Apt. 022,Carlosshire,British Virgin Islands,50587
5438 Brown Loop Suite 928,Prattchester,Italy,13656
33413 Case Mill,South Phillipburgh,Lesotho,87091
40850 Brian Manors Apt. 189,South Paul,Marshall Islands,16945
89838 Christina Mountain,Catherinefort,Cote d'Ivoire,80160
34730 Smith Lock Apt. 686,Lake Juliafurt,Liberia,86504
06306 Cassandra Vista Apt. 896,Lake Adam,Kyrgyz Republic,57199
3396 Ronald Square,Port Dianaland,Cameroon,75452
255 Edwards Route Apt. 124,Davidshire,Korea,75397
0192 Tristan Spur,Nathanmouth,Cayman Islands,63776
70462 Bryan Drive,West Rebeccaton,Montenegro,13022
50201 Debbie Circle Suite 873,Port April,Guyana,95015
392 Lewis Square Apt. 238,South Cesarberg,Algeria,14192
0710 Sarah Isle,Ginafurt,Andorra,66181
093 Rodriguez Bypass Apt. 079,Mckinneyfort,Sri Lanka,99721
14056 Rice Camp,Jasonburgh,Vietnam,59028
9115 Benjamin Fields,Port Luisville,Uzbekistan,10969
481 Joshua Mountain,East Stephen,Zimbabwe,82662
04351 Cassandra Highway,Port Hayden,Luxembourg,76535
96422 Yolanda Square Suite 960,Haroldport,Sweden,87840
41672 James Mountains,Olsonfort,Chile,86287
1888 Ashley Extensions Suite 533,North John,Saint Pierre and Miquelon,78388
209 Brenda Shoals,Davidport,Namibia,25302
169 Debra Ports Suite 360,West Dennis,United States of America,13308
8282 Wallace Manors Suite 675,Walterbury,Luxembourg,50601
897 Katelyn Roads,Lake Robinport,Pitcairn Islands,16889
09498 Martinez Garden,South Brookestad,Dominican Republic,94007
13891 Fowler Terrace,Bakerbury,Morocco,73387
1664 Stone Ridges,Lake Eric,Nicaragua,16762
937 Miller Centers,Dennisburgh,Australia,74989
23723 Love Dale Suite 223,Port Sandrashire,United Kingdom,70025
11061 Stephens Lights,South Wendyhaven,Somalia,17163
5952 Cohen Tunnel,Brittanyview,French Southern Territories,89192
28214 Anthony Lights,Margaretview,Israel,64682
2392 Lane Mountain Suite 206,Morganmouth,Kuwait,43489
94994 Lewis Course,East Daniel,American Samoa,64134
8047 Delgado Causeway Apt. 040,South Jason,Gabon,96363
4641 Robert Extension Suite 336,Micheleshire,Norfolk Island,90780
3733 Michael Gateway Suite 564,Townsendport,Netherlands Antilles,63445
73008 Cunningham Overpass Apt. 768,Reginaview,Bulgaria,15320
4950 Lopez Walks Suite 606,Sarashire,Palestinian Territory,64522
1825 Lee Squares,New Leah,Benin,90123
145 Morales Trail Suite 628,South Anna,Belgium,16841
6761 Barr Common Suite 242,Lake Richardborough,Namibia,58327
5389 Washington Forest Apt. 702,Miguelland,Saint Martin,16160
4949 Wheeler Fords Apt. 493,Port Catherineton,Nepal,87994
42049 Torres Islands,East Charles,Vietnam,91088
69041 Mitchell Union Apt. 655,Lake Sheriside,Faroe Islands,43164
629 Felicia Cove,East Michaelfurt,Mauritania,69327
0520 Sanchez Ferry,Jessicafurt,Burkina Faso,14405
929 Ortiz Crossroad,Sarahland,Pakistan,57792
4523 Thompson Highway Suite 434,West Christopher,Eritrea,49350
476 Sheena Crossing,East Sandy,Monaco,12503
031 Doyle Isle,East Kathleen,Latvia,09252
26925 Acevedo Plains Suite 410,Juliechester,Panama,33439
8081 Cheryl Island Suite 179,Josephland,Cameroon,91527
2304 Alvarado Ramp Suite 063,Jonesville,El Salvador,52405
85300 April Roads,South Amy,Afghanistan,55387
514 Willie Ford,North Tylermouth,Azerbaijan,36980
365 Katrina Falls Suite 213,North Williamtown,New Zealand,99821
085 Sean Lake,Kevinstad,Vietnam,65033
5357 Shea Greens,Zacharyside,Bahrain,60854
562 Mcdonald Rue Suite 443,Jacksonburgh,Panama,32398
31057 Robinson Trail,Brownside,Cook Islands,21463
22061 Joshua Drives Apt. 991,North Angelashire,Ghana,45052
01672 Jennifer Meadow Apt. 088,East Christineland,Trinidad and Tobago,66111
704 Merritt Point,East Melissa,British Virgin Islands,01081
49323 Lori Falls,East Christinaberg,Guinea-Bissau,62363
18540 Travis Court Apt. 488,Thompsonmouth,Slovakia (Slovak Republic),78209
60087 Hudson Junction,Sandraside,Isle of Man,34574
370 Larson Viaduct,Yolandatown,Saint Vincent and the Grenadines,54576
7071 Jacob Terrace,Lake Kathrynbury,Greece,75778
846 Hardin Corners Apt. 422,New Diana,French Southern Territories,06411
660 Leah Turnpike,West Hannahtown,American Samoa,23871
542 Elizabeth Mountains,Dennishaven,Niue,79119
590 Alexander Forks,Jenniferview,United States Minor Outlying Islands,46182
021 Long Fords,Nicholasborough,Saint Barthelemy,02363
5907 Grant Circle Suite 188,Alexanderstad,Italy,48514
676 Daniel Key Suite 371,Michelleberg,Uzbekistan,57318
774 Wyatt Fall,North Charlotteside,Azerbaijan,62330
85081 Joseph Burg,Kimberlyport,French Polynesia,28773
398 Rebecca Mountain,Bishopport,Netherlands Antilles,38270
46842 Eric Crossroad,West Natalieville,Kyrgyz Republic,49503
640 Hannah Cliff,Port Benjamintown,Uzbekistan,19642
908 Timothy Divide,Meganton,Cape Verde,50970
99610 Odom Courts,Steinbury,American Samoa,80988
982 Jones Manors Suite 981,New Jamesport,Paraguay,27370
077 Bray Avenue,Port Frankmouth,Indonesia,56683
1783 Adams Gardens Suite 914,Benjaminville,Libyan Arab Jamahiriya,73640
16033 Murphy Crest,Scottview,Korea,88072
42485 Anthony Track,New Edwin,Cocos (Keeling) Islands,66772
4283 Reyes Inlet Suite 771,Michellemouth,Kenya,88427
2499 Brittany Square,Lake Jennifer,Belize,38541
8505 John Via,Adamsfort,Kazakhstan,98256
13492 Henry Falls Apt. 491,Andreafort,Malta,39339
22169 Robbins Coves,Emilyborough,Belize,94042
5697 Johnson Inlet Suite 507,East Georgefort,Paraguay,09481
129 Tina Station Suite 128,Amandaton,Nauru,84591
920 Whitney Key,West Diana,Guinea,16912
1702 Gerald Curve Apt. 033,North Michael,Mongolia,42289
721 Ashley Crossroad,South Todd,Algeria,96138
940 Holden Meadow Suite 258,Lake Amanda,Wallis and Futuna,17913
83158 Ruth Wall Suite 771,Port Monica,Sri Lanka,54404
48114 Makayla Island Suite 887,Lake Erikaberg,British Indian Ocean Territory (Chagos Archipelago),25005
788 William Highway Apt. 686,Romeromouth,Czech Republic,40037
1303 Jason Mission,New Johnton,Aruba,23765
5396 Michael Points,Robbinsstad,South Georgia and the South Sandwich Islands,47136
9744 Villegas Keys Apt. 943,East Terri,Colombia,65907
291 Wright Lake Suite 580,Lake Rhonda,Cocos (Keeling) Islands,87681
78112 Williams Fields,East Jennifer,Namibia,98075
96117 Jasmine Crossroad Apt. 584,East John,Mexico,81605
49424 Foley Summit Apt. 635,West Adamport,Gambia,37684
364 Amy Cliffs Apt. 654,Kaitlynburgh,Brunei Darussalam,38361
8660 Moore Ramp Suite 853,Ambershire,Chile,38808
11140 Shawn Forges,Dickersonstad,Denmark,17130
085 Cody Port,Maldonadobury,Saudi Arabia,28263
43220 Nguyen Plains,Cynthiashire,Cote d'Ivoire,88446
715 Travis Plains,Paulland,Anguilla,13058
04921 Brown Points Apt. 857,Kingfurt,Albania,14020
2726 Jeanette Turnpike Suite 605,Jonestown,Czech Republic,53282
910 Samuel Loaf,Garciatown,Namibia,53514
50796 Garrett Center,Lake James,North Macedonia,80677
50457 Dean Prairie Suite 470,Stephaniefurt,Greenland,01285
31159 Elizabeth Key,Courtneytown,Gambia,41953
2071 Dwayne Fork,New Deborahfurt,Zimbabwe,48038
69118 Michael Ville Apt. 325,Port Shelleyhaven,Hungary,62012
89932 Scott Passage Suite 079,Lake David,Belgium,65046
6584 Clark Tunnel Apt. 783,Lopezborough,Uzbekistan,06326
85704 Miller Route Suite 075,Port Kathleenside,Peru,28375
4926 Crystal Road,Thomasborough,North Macedonia,42736
70161 Keith Course,New April,Saint Martin,03846
84926 Oliver Light,Port Andre,Andorra,67758
64472 Lyons Passage,Port Jonathan,Korea,93192
621 Thomas Hills Apt. 869,Lawrenceton,British Indian Ocean Territory (Chagos Archipelago),14256
55454 Preston Stravenue Apt. 328,Lake Kimberly,Netherlands,64425
46799 Moran Skyway Apt. 526,Port Colton,Thailand,23968
29556 Melanie Forge Apt. 913,New Dominique,Estonia,33036
39066 Pamela Plains Suite 862,New Randyborough,Iceland,56551
6922 Morris Mountain Apt. 863,Donnaville,Sweden,72203
6493 Christopher Canyon,New Megan,Azerbaijan,49071
47460 Christopher Cove,Julietown,Finland,46635
6201 Tracie Shoals Apt. 809,Rossshire,Lesotho,83829
71651 Craig Stravenue Suite 283,Lisaton,Bahrain,16785
74646 Charles Loop Suite 524,West Megan,Tonga,84816
48052 Robinson Gardens,North Rebecca,Martinique,51874
1727 Daniel Union,Miaville,Saint Pierre and Miquelon,31558
80164 Russell Pass,West Brianbury,Montenegro,92603
05012 John Trail,New Diana,Nepal,03538
07457 Miller Drive Apt. 422,Keithshire,Benin,42398
0984 Williams Keys,Austinberg,Taiwan,38370
43054 Hoover Groves Suite 084,Torrestown,Germany,13377
79062 Brandon Fork,Port Lindseyside,Rwanda,76962
63783 Martin View Suite 786,Michelleport,Slovenia,77254
121 Joseph Island,Gillport,Montenegro,93205
225 Tammy Trail Suite 175,North Raymondview,Nicaragua,11648
53754 Brooke Wall,Deborahfurt,Dominica,29021
23976 Larsen Ranch Suite 686,West Kimberlymouth,French Southern Territories,34591
966 Watkins Meadows,North Christopher,Gambia,66820
03713 Theresa Port Apt. 952,Michaelview,Paraguay,51482
7046 Taylor Mission,North Julieville,Netherlands,71232
96041 Jesse Flat Apt. 661,Greenland,Mongolia,92033
957 Burton Burg Apt. 764,New Juliaside,Sweden,22186
13888 Hughes Overpass Suite 794,Theresafort,Guam,65432
7980 Albert Mall,South Jaredside,Togo,77649
65679 Katie Views,East Jessicamouth,Jordan,99111
102 Carter Harbor Apt. 931,Theresaburgh,Thailand,83583
44661 Samuel Manor Suite 852,Port Krystal,Madagascar,87242
146 Danielle Fords,North Sarah,Guyana,83566
9394 Castillo Ramp,Lake Michellefort,Zambia,04059
90186 Belinda Throughway,Timothymouth,Latvia,40328
0566 Bryan Cove,Lake Adam,Sweden,63898
40189 Perez Springs,East Andrew,Gabon,63505
46848 Harris Way,Medinamouth,Eritrea,25304
0953 Bradley Fall Suite 906,Rodriguezborough,Guyana,49228
9538 Brooks Grove Suite 851,Lake Jennifer,Gibraltar,93048
672 Brittany Crossing,Port Rebekah,Gambia,51167
261 Perry Squares,Micheleberg,Solomon Islands,36914
9659 Gill Union Suite 512,Michaelmouth,Solomon Islands,70992
1720 Smith Pass,West Debra,Norway,35635
5543 Brian Run Apt. 301,East Richard,Hong Kong,04046
88310 Arnold Centers,Port Deanville,Northern Mariana Islands,43316
921 Franklin Greens Apt. 487,North Jennifer,Pakistan,31146
02937 Doyle Brook Suite 459,Stephensside,Bosnia and Herzegovina,08237
450 Deborah Ranch Suite 915,Michaelhaven,North Macedonia,52193
0011 Grant Shoal,Harveymouth,Angola,25990
971 Spencer Lock Apt. 369,Lake Valerie,United States Virgin Islands,95816
013 Watkins Stream,South Davidshire,Angola,85276
74586 Fuller Extensions,Jessicamouth,Cape Verde,15175
8737 Austin Squares,North Mary,Romania,03859
0162 Susan Cliff Apt. 715,Wheelerborough,China,65769
4225 Butler Throughway Suite 061,Barberhaven,Kenya,53143
0912 Devon Camp Apt. 283,Masonmouth,Croatia,48254
34818 Marquez Track Apt. 876,Ericchester,Papua New Guinea,56470
5588 Ronald Courts,North Briannaton,British Indian Ocean Territory (Chagos Archipelago),42189
05340 Ann Point Apt. 045,Youngberg,Romania,16558
176 Kidd Junction Apt. 585,Lake Joshua,Israel,66278
01494 Bradley Landing,Lisaville,Gabon,26566
156 John Rue Apt. 991,West Joshualand,Gambia,75280
741 Green Via Apt. 917,Billymouth,United States of America,06608
996 Taylor Highway Apt. 376,West Christina,Cameroon,93881
7741 Stewart Row Apt. 819,East William,Jersey,80351
79838 Robert Views Apt. 733,South Sheila,Poland,91279
775 Matthew Stream,Clarkshire,Saint Barthelemy,31320
5521 Mitchell Forks Suite 245,Kristenstad,South Africa,67191
684 Kirby Harbor Apt. 697,Williamsonmouth,Trinidad and Tobago,43127
34763 Lozano Club Apt. 545,Phillipstad,Vietnam,15613
776 Peter Turnpike Suite 714,Hullfurt,Colombia,28535
56280 Bryce Branch,Lake Nathan,Namibia,16699
340 Jessica Neck,South David,Pakistan,43458
5424 Simpson Mountain,North Jamesberg,North Macedonia,87316
3148 Baker Landing,Harveyborough,Georgia,55290
4601 Ortiz Radial,South Patriciamouth,Mongolia,61784
90829 Vicki Cliffs,Mcdonaldborough,Timor-Leste,46455
34663 Gary Walks Apt. 010,Walterburgh,Haiti,36786
33678 Howard Avenue,Phillipshaven,Namibia,03517
2481 Brian Prairie,South Cindy,Maldives,67078
7517 Sonya Overpass,East Carolineport,Angola,77612
58364 Gary Walks Apt. 265,New Alexander,Tanzania,92857
47996 Thomas Turnpike,Marshstad,Northern Mariana Islands,92775
434 Smith Meadows,Crystalchester,Isle of Man,04507
6788 Franklin Tunnel,New Maryberg,Bolivia,80941
6091 Jason Crest Apt. 429,West Kelly,Madagascar,23784
24465 Silva Point Suite 351,East Christophershire,Myanmar,24908
18148 Keith Mount Suite 054,North Jennifer,Tonga,98813
69745 Nicole Ville Apt. 488,Haysborough,Yemen,72148
732 Sheri Bypass Suite 388,Sabrinamouth,Bangladesh,56687
588 Tony Square,Bowenberg,Brazil,36119
508 Christopher Ways,Lake Brian,Thailand,95435
2861 Freeman Mall,South Michelleborough,Myanmar,03773
7809 Rachel Lakes Suite 313,Joyceside,United States of America,53384
82515 Holmes Camp Apt. 264,Adamchester,Cyprus,06752
619 Francisco Circles Apt. 399,Lake Laura,Seychelles,89481
14526 Olsen Manor,Joannabury,Kazakhstan,72375
00473 Brenda Wall Suite 394,East Andrea,Finland,62037
77812 Lisa Islands Suite 379,Lake Emily,Canada,46831
5493 Theresa Road,North Henryshire,Finland,67891
71196 Rhonda Islands Apt. 832,Cameronshire,Djibouti,16731
40843 Michael Walk Suite 013,Lake Carrie,Chile,90757
46336 Richmond Vista Apt. 627,South Kimberlyview,Afghanistan,98567
4418 Barrett Port,Port Sarachester,Libyan Arab Jamahiriya,57983
23706 Turner Knolls Suite 836,East Christine,Somalia,93710
3747 Davis Rapids Apt. 432,South Kristen,Libyan Arab Jamahiriya,88854
0702 Daniel Square Apt. 369,East Leslie,Dominica,08716
9600 Tucker Drive,Leachbury,Mauritania,97726
14076 Jones Island,Lake Juanport,Moldova,00893
02494 Hill Crossing Apt. 202,Robertberg,Belarus,18948
3304 Howard Fort Apt. 595,Smithmouth,Russian Federation,90309
24383 Susan Route Apt. 250,Moraleston,Turks and Caicos Islands,49898
953 Samantha Via Apt. 406,South Joseph,Latvia,77120
24274 Lindsay Forks Suite 759,Jameston,Faroe Islands,26213
103 Wagner Skyway,Karenfort,Azerbaijan,38283
104 Wang Light,Rachelmouth,Liberia,46101
138 Smith Oval,South Roybury,Saint Pierre and Miquelon,44053
8609 Wright Landing Suite 052,Oliverbury,Vietnam,38941
480 Maurice Knoll,South Russell,San Marino,24258
714 John Prairie,Scottburgh,Reunion,08743
11930 Lucas Vista,West Melissa,Liechtenstein,35128
132 Clark Loaf Suite 384,Flowershaven,Trinidad and Tobago,15640
65035 Grimes Groves Apt. 365,West Veronicaland,Chile,64037
3281 Paula Lakes,Hornburgh,South Georgia and the South Sandwich Islands,03700
44722 Berry Fords Apt. 568,East Jessica,Cocos (Keeling) Islands,64748
01000 Jennifer River,Johnsonton,New Caledonia,44550
43478 Carpenter Haven,South Alexandershire,Nicaragua,21520
095 Cook Alley Apt. 572,Hunterland,Tonga,24972
143 Young Wall,Port Michellefort,Egypt,44867
312 Aaron Junctions Apt. 352,Jessicaview,Timor-Leste,73657
5857 Keith Station Suite 850,New Kimberly,Cocos (Keeling) Islands,33668
4768 Johnson Motorway Suite 333,Port Donald,Malawi,79304
449 Jones Village Apt. 089,Lake Nathanside,Afghanistan,92291
14006 Taylor Mall,Lake Jeffrey,Kyrgyz Republic,02213
1565 Herrera Creek,Matthewsport,Ireland,85143
125 Nixon Forks Apt. 354,Riosfort,Montenegro,66597
766 Vasquez Ranch Apt. 229,South Cherylchester,North Macedonia,85331
428 Miller Pike Apt. 792,Lake Ryan,Romania,87625
807 Joshua Canyon Suite 951,South Colin,Gabon,45478
297 Ferrell Summit,North Abigailshire,Jamaica,47013
72399 Bradley Points Suite 924,Russellfurt,Tunisia,38101
57384 Kennedy Fork Suite 841,Curtistown,Mayotte,97811
0908 Olivia Burgs,Vickistad,Singapore,42548
0562 Fitzpatrick Plaza,Jeffreyshire,Estonia,92375
06102 Rivera Mews,Markstad,Norfolk Island,42013
66940 Gregory Skyway,New Robin,Haiti,10471
40058 Hernandez Terrace Apt. 142,Nelsonland,American Samoa,84633
9238 Campos Greens Apt. 587,Josephhaven,Tunisia,60456
052 Taylor Stream Apt. 823,South James,Bermuda,66153
64139 Joseph Dam Suite 312,North Nathan,Djibouti,52068
752 Tran Parkways Apt. 510,Samanthaborough,Guinea,75196
11853 Phillips Mission Suite 821,Garciaside,Venezuela,91533
95277 Samantha Summit,Cainhaven,Haiti,85300
844 Villarreal Union,Lake Devinshire,Pakistan,62845
84683 Jonathon Burgs,West Marcus,Congo,50409
43776 Rose Valley Suite 568,West Amber,Malawi,60312
50021 Colin Harbor Apt. 294,East Kevin,Croatia,76938
99235 Burns Mount Suite 282,New Kenneth,Lebanon,29080
55685 Amanda Road Apt. 791,Lake Dana,Bhutan,26571
303 Thompson Forge Apt. 608,Port Alexis,Papua New Guinea,00845
49470 Davila Throughway Apt. 962,Lake Christopher,Togo,30149
7943 Brown Estates Apt. 127,Gibsonland,Western Sahara,55153
69711 Mendez Port,New Alexa,Qatar,69256
8918 Young Plaza,Smithside,Bahamas,09318
528 Welch Court,North April,Timor-Leste,49398
1792 Kenneth Parkway,Emilymouth,Cote d'Ivoire,03712
464 Jenna Walks,Jennifertown,Peru,41442
686 Bishop Brook Suite 136,Andrewstad,Congo,53117
624 Avila Knoll,West Elizabethfort,Cote d'Ivoire,01212
0369 Guerrero Views Apt. 893,New Michaelfurt,Saint Helena,67301
607 Stark Land Suite 609,North Jessicatown,Bolivia,66962
6103 Franco Glen Apt. 301,West Vincentfurt,Trinidad and Tobago,30387
431 Hayes Canyon Suite 330,Woodwardmouth,Benin,69904
5248 Alyssa Estates Apt. 906,Johnsonberg,Jordan,58741
3476 Debra Stravenue,Jeffreyshire,Jordan,29539
624 Mendez Ridge Apt. 184,Robertchester,Zambia,49059
98583 Morales Crossroad,Floreshaven,Montenegro,01426
5241 Mallory Ridge,Lisamouth,Falkland Islands (Malvinas),37349
540 Lawson Skyway,Mitchelltown,Pitcairn Islands,30191
01669 Miller Island Apt. 115,South Kerry,Equatorial Guinea,51173
788 Williams Roads,Bassbury,Papua New Guinea,87517
81073 Abbott Plaza,West Carrieview,Uzbekistan,65437
3403 Aaron Islands Suite 645,North Kathrynmouth,Saint Kitts and Nevis,37904
7868 Potter Plaza,Nicholsonberg,Guatemala,86526
078 Erin Plains Apt. 978,South David,San Marino,81425
2179 James Brook Apt. 707,Weaverville,Liberia,62081
60156 Shannon Ports,Weekston,Armenia,22203
4878 Chavez Coves Suite 753,North Jamie,British Virgin Islands,36761
2044 Sandra Motorway Suite 869,New Timothy,Brunei Darussalam,98410
040 Johnson Square Suite 693,West Kelly,Niger,55968
7463 Kelley Valleys,South Crystalland,Western Sahara,37535
9202 Garcia Parkway,South Joshuamouth,Sweden,93951
77351 Jordan Squares Suite 744,Barnesshire,Liechtenstein,39139
24389 Howard Skyway Apt. 406,New Kristy,Korea,96860
508 Jackson Squares Suite 539,Port Holly,North Macedonia,55078
35283 Joseph Branch,Lake Samantha,Grenada,10652
43215 Wilson Walks Apt. 570,South Christopher,Luxembourg,32338
9703 Mclean Spring Suite 587,North Todd,Nepal,01173
85224 Christine Light,Harrishaven,Gambia,02188
992 Christopher Inlet,Port Josephfurt,Ireland,22028
2151 Chris Canyon Suite 348,Kyleland,Sri Lanka,39270
87801 Heather Ports Suite 450,North Peterville,Georgia,94030
8849 Cheryl Brooks,East Brooke,Gibraltar,06410
212 Allen Well Suite 509,West Claudia,Bermuda,76212
801 Kristie Rapid,Lake Julie,Albania,54694
5589 Joanna Turnpike,East Mary,India,83377
4664 Robert Square,Davisbury,Timor-Leste,41618
11602 David Cliffs Apt. 488,Brandonshire,Haiti,89865
00486 Rachel Glens Suite 912,Stewartburgh,Greenland,80226
9180 Holt Ferry Suite 095,Edwardberg,Malta,78031
00305 Michael Dam,Andreashire,Haiti,62410
0290 Robinson Parkway,Sabrinashire,Romania,80620
1053 Weaver Ways,Rogersshire,Iceland,75706
505 Penny Ways,Cooperport,San Marino,32334
8880 Bryan Unions Apt. 655,Clarkeshire,British Indian Ocean Territory (Chagos Archipelago),23289
9351 Simmons Fort Suite 648,Nathanmouth,Solomon Islands,12323
044 Alexander Springs,Lake Hector,Burundi,08108
770 Diaz Unions Apt. 060,Lake Tristanport,Kenya,43847
324 Harris Isle Suite 801,Wardton,Switzerland,85272
776 Gentry Mount,Lake Charles,Saint Vincent and the Grenadines,47503
091 Jennifer Crossroad,South Glentown,Slovenia,69074
303 Nancy Prairie,Christopherport,Poland,36650
74295 Sarah Pass Suite 884,Lake Mary,Trinidad and Tobago,07293
7334 Patterson Tunnel,West Jaimestad,Brazil,48826
235 Dillon Prairie,Joshuachester,Monaco,74336
6906 Stewart Brooks,Steventown,Chad,80260
42133 Katrina Forges Suite 334,Vargaston,Guatemala,77332
2168 Sanders Mountains,Willischester,Isle of Man,38585
213 James Crescent,New Victoria,Bangladesh,49782
691 Michael Lane,Kennethtown,Rwanda,58900
786 Russell Tunnel,East Veronica,Turkmenistan,69380
473 King Springs,New Zachary,Cuba,70894
8844 Meghan Court,Williamburgh,North Macedonia,36069
0911 Jackson Neck Apt. 068,Barbarashire,Myanmar,05192
763 Crystal Shoals Apt. 939,New Kathyhaven,Tonga,14358
401 Brenda Skyway Apt. 908,West Lindamouth,Tajikistan,45842
4792 Anthony Passage,East Laurenstad,Israel,22079
514 Kelli Parkways,Gonzalezshire,Bolivia,09138
253 Johnson Keys,West Ericfort,Malawi,02720
8758 Taylor Walks Suite 583,South Sheena,Comoros,63699
93756 Jasmine Mission Apt. 753,Brentmouth,Suriname,18031
4977 Alex Ferry Apt. 117,Claytonland,Croatia,19589
0846 Ryan Forks,New John,Jordan,71612
95314 Susan Landing Apt. 918,Nancyview,Aruba,64726
89660 Saunders Trail Apt. 507,Paulshire,Kazakhstan,66795
555 Macias Dam,Payneton,Western Sahara,97046
58754 Forbes Cliff,New Joyceburgh,Holy See (Vatican City State),63783
73456 Turner Rapid,East Henry,Kiribati,41998
4957 Manning Ways Apt. 726,Port Pennyberg,Timor-Leste,30037
5065 Shannon Squares,South Roberthaven,Guatemala,72956
458 Kenneth Port Apt. 969,Brentbury,Indonesia,79346
4837 Lori Wells Suite 827,Laurenburgh,Uganda,29851
00245 Cynthia Road Apt. 527,Smithfurt,Costa Rica,06221
29335 Price Union,North Kimberly,Grenada,76490
12271 Brian Lock Apt. 679,Grahamfort,Finland,72998
86892 Kirby Crossroad Apt. 351,Michaelstad,Mozambique,35982
86947 Matthew Path,Reneeview,Macao,36889
567 Keith Loaf Apt. 458,West Monicaborough,French Southern Territories,09310
63092 Foster Ports Apt. 992,North Daniel,Namibia,13543
9755 Luna Valley,Macdonaldfurt,Liechtenstein,21174
705 Baker Ports,North Brittanyport,Saint Kitts and Nevis,74649
80471 Melanie View Apt. 262,Kylemouth,Marshall Islands,82566
901 Adam Walk Apt. 884,Jenkinston,Brazil,81515
709 Rangel Loop Suite 329,Oliviatown,Canada,44845
10978 Sampson Ports Apt. 255,Shelbystad,Bahamas,67471
56833 Cooper Village Apt. 319,West Matthew,British Indian Ocean Territory (Chagos Archipelago),67300
02125 Patterson Plains Suite 759,North Sethport,Qatar,03707
08802 Patrick Turnpike,Lake Michelleview,Samoa,82900
859 Oliver Points,Wileyland,Luxembourg,29571
272 Allen Trafficway Apt. 878,East James,Cuba,92721
0950 Samuel Square,Samuelside,Ecuador,60428
888 May Isle,Lake Vickifort,Gambia,85517
63038 Wilcox Ranch Apt. 021,Lake Angela,Greece,87418
9107 Christy Port,Moorestad,Cambodia,02998
609 Smith Road,Elizabethton,Saint Kitts and Nevis,97407
64976 Morrow Street,North Hannah,Yemen,69907
73948 Latasha Causeway Suite 733,North Hector,Nigeria,90341
40450 Andrea Greens,West Jennafurt,Macao,24293
66713 Kelly Plains Apt. 666,South Yvettechester,French Polynesia,21177
33512 Mckee Forges Suite 369,Lake Anne,American Samoa,42988
58051 Williams Land,Perezland,Canada,97655
0359 Toni Plains,Mezaview,Lebanon,95529
841 Nancy Mews,Carrollburgh,Rwanda,01471
56249 Julie Orchard Suite 154,Lake Nicholasstad,Dominica,65878
3794 Serrano Greens Apt. 176,West Veronicamouth,Andorra,79575
79224 Kathryn Groves Apt. 213,Port Danielland,Sao Tome and Principe,56878
469 Cook Land,Brooksfurt,Western Sahara,17283
165 Jackson Rest Apt. 455,Christensenport,Netherlands Antilles,29226
49505 Vincent Spur,Lake Denise,China,68197
031 Karen Lakes,East Darlene,Brazil,31941
1543 Maria Rapid Apt. 411,Torresburgh,Micronesia,36367
8246 Scott Viaduct,Hernandezport,Canada,80328
677 Williams Port,Micheleport,Italy,42693
698 Linda Expressway Suite 045,Jennifermouth,Burundi,31326
94580 Mckenzie Mountains Apt. 235,North Katelyn,Saint Pierre and Miquelon,71521
06878 Wright Club,Evansport,Angola,87894
9065 Daniel Gateway Suite 967,Lake Dalton,Fiji,06250
310 Lisa Spring,Samuelview,Venezuela,11469
924 Trujillo Mills,Stevenburgh,Brazil,64029
85112 Henry Course Suite 887,West Stephanieton,Iran,24748
159 Wood Landing Suite 235,New Joemouth,Russian Federation,65349
99965 Lance Spur Apt. 341,Danielchester,Brazil,45493
055 Brenda Dale Apt. 506,Emilymouth,Bulgaria,83019
2745 Martinez Center Apt. 209,Port Larryville,Paraguay,29954
756 Cynthia Springs Apt. 191,Port Casey,New Zealand,64912
9962 Barnes Cliffs Suite 534,Port Ryan,Antarctica (the territory South of 60 deg S),52468
88978 Olivia Haven,West Amandashire,Rwanda,13120
937 Price Avenue Apt. 312,West Stephen,Algeria,88361
08802 Jessica Orchard Suite 131,Joannaport,San Marino,35920
049 Mcdonald Mountains,Underwoodstad,Russian Federation,54289
6671 Wood Expressway Apt. 979,Johnberg,Ukraine,28392
84122 Jackson Parkway,Rodgersshire,Grenada,05005
78552 Vega Center Apt. 724,Janetchester,Belize,88353
97185 Ashley Walks,Lake Michaelbury,Jamaica,57755
291 Laura Spur,Acostabury,Monaco,72389
532 Anthony Highway Suite 189,Brycebury,South Georgia and the South Sandwich Islands,04842
724 Ramirez Valley,Lake Andrew,Malta,51926
6565 Richard Skyway,South Jill,Nepal,31115
4540 Roberson Harbors,New Danielview,Kyrgyz Republic,70432
9807 Wright Lights Suite 981,Port Matthewmouth,Northern Mariana Islands,45007
9412 Carpenter Glens Suite 243,Orozcoport,Liberia,61866
19070 Billy Stream Suite 699,Greenhaven,Niue,09553
4092 Welch Lock,Toddport,Burundi,12961
226 Simpson Locks Suite 721,New Julieton,Slovenia,62787
138 Perry Wells,Bernardborough,Benin,40304
175 Clark Rue Suite 366,Carrillofort,Kyrgyz Republic,81325
7248 Karen Glens Suite 918,Williamsstad,El Salvador,14248
7417 Lisa Inlet,Clinestad,Togo,12569
9189 James Garden,Stephanieberg,Rwanda,19686
52887 Ortega Estates,South Johnport,Kazakhstan,47324
912 Sullivan Prairie Apt. 623,Alyssafort,Malta,82740
8584 Scott Ferry,Lunaburgh,Tunisia,92051
00250 Walters Crossing,East Melissatown,North Macedonia,00705
530 Ford Roads,Roberttown,Nepal,00704
15195 Mora Plains Suite 424,Willisport,Bosnia and Herzegovina,20124
3738 Oliver Burgs,New Deborahside,Cuba,72434
73391 Thompson Shoals Suite 884,Davismouth,Turks and Caicos Islands,23269
962 Valdez Avenue,Maystown,Sri Lanka,59633
2349 Carlson Plaza Apt. 813,Port Angelica,Malta,90120
45174 Linda Trafficway Apt. 252,Brendafort,Greece,17204
4579 Wallace Meadow,Lake Carlosburgh,Uganda,23521
7543 Robertson Pass Apt. 986,North Timothy,Chile,94620
04721 Harris Track,Smithhaven,Malaysia,72996
20067 Palmer Causeway Apt. 257,New Kevin,Macao,49180
04878 Jackson Point,West Jessica,Monaco,26472
75589 Ochoa Shore,Jeremyfort,Benin,38966
1405 Wilkins Groves Suite 250,Anthonyview,Holy See (Vatican City State),48041
69094 Maria Passage Apt. 126,East Charlesshire,India,61999
82710 Mark Tunnel,West Victor,Croatia,01788
71378 Stephanie Squares Apt. 501,Hollandview,British Indian Ocean Territory (Chagos Archipelago),52907
018 Michael Track,Caitlinland,Iran,54225
35598 Moss Circles Apt. 543,New Victorburgh,Cayman Islands,76321
49135 Smith Alley,Wrightbury,Saint Helena,09323
034 Duncan Run Suite 377,East Ashleehaven,Mozambique,31047
60323 Jeremy Field,South Nathaniel,Ireland,09944
153 Webb Skyway,South Joseph,Uzbekistan,44905
97778 Lori Court Suite 417,Rosebury,Turkmenistan,41431
07170 Erica Ports,Sharonbury,Jamaica,79193
303 Skinner Drive Apt. 779,Lake Adam,Guatemala,19952
190 Becker Camp Suite 285,New Russell,Denmark,85033
69371 James Light Suite 833,Wilsonville,Algeria,06164
7520 Smith Stream,Lake Jonathanburgh,Faroe Islands,47698
050 Marquez Spur,Riosstad,Gabon,55191
48769 Collins Square Suite 782,Zacharyberg,Puerto Rico,24583
785 Joel Lakes Suite 096,Lucasshire,Burkina Faso,43662
4992 Beasley Creek Apt. 063,Mistymouth,Tonga,06994
09029 Catherine Course Suite 256,East Jasonberg,Northern Mariana Islands,28307
3181 Morris Point Apt. 966,West Madisonburgh,Bahamas,92290
6824 Holder Inlet Suite 832,Sandraport,Thailand,88256
0226 Medina Squares,Coreyport,Guernsey,73647
161 Bell Falls,Harrisonbury,Azerbaijan,62674
168 Harvey Falls Suite 221,New Michellefort,Singapore,73080
63258 Sandra Parkway Apt. 036,Philipview,Australia,75228
2801 Julie Fork Apt. 703,Loveport,Canada,06101
114 Tammy Rest,Dixonborough,Madagascar,85395
9260 Everett Overpass,Smithchester,Angola,59973
382 Taylor Roads Suite 663,East Kristin,Congo,84349
3430 Shelton Burgs,Dayside,North Macedonia,17599
010 Leach Parkway,Yorkbury,Greece,55503
909 Flores Mall Suite 486,Jonesmouth,Moldova,02218
4998 Tanya Light,Millerhaven,Liberia,49083
19390 Griffin River,Melissastad,Grenada,33576
1405 Harrison Station,Davidmouth,Ireland,26837
168 Schwartz Crossing,Port Davidmouth,Hungary,62411
659 Patricia Islands Apt. 009,Caseytown,New Caledonia,09664
4896 Randy Camp,Longfurt,Cambodia,57578
34651 Bowen Lane,Millerport,Argentina,57727
7949 Karen Land,Georgeland,Libyan Arab Jamahiriya,55286
954 Darrell Extensions,East Masonport,Christmas Island,61226
315 Clark Course Apt. 832,West Ryan,Congo,96051
80541 Rodney Groves,West Sabrinabury,Argentina,88837
0505 Tyler Land,New Debraport,Sweden,52491
09261 Debbie Lake,New Joseph,Uzbekistan,16251
87679 Hess River,West Jenniferville,Kiribati,78663
304 Acevedo Isle Suite 407,West Benjaminshire,Niger,27532
60670 Miranda Park,West Stephanie,Tokelau,91351
0240 Petersen Ford Apt. 361,Braunton,Colombia,47607
0216 Erin Curve,West Jennifermouth,Serbia,18071
1869 Hannah Ville Suite 695,Shawnshire,Tunisia,42300
1443 Danielle Valleys Apt. 234,Jimenezchester,Bhutan,46616
5254 Juarez Bridge Apt. 461,Amyport,Maldives,40732
8520 Donald Fields Apt. 380,Laceyberg,Lao People's Democratic Republic,16708
8648 Mark Parks,South Shellyport,Russian Federation,40742
317 Wheeler Hill,Bassshire,Cocos (Keeling) Islands,31648
8560 Tina Mall Suite 356,South Jenniferfort,Malaysia,12937
63732 Bryan Motorway,North Courtneyfurt,Nepal,12035
59541 Maldonado Square Suite 673,West Dylanport,Belarus,44036
825 Poole Row,Port Lawrence,Serbia,59227
109 John Pike,New Matthewborough,Maldives,12724
2709 Kelsey Glens Apt. 366,Andrewhaven,Canada,90310
0654 Megan Prairie Apt. 186,New Maria,Sri Lanka,32456
77962 Thompson Village Suite 148,New Ianport,Belgium,41203
579 Wagner Fork,Tracybury,Svalbard & Jan Mayen Islands,50395
585 Garrett Stravenue Apt. 973,Jackberg,Italy,70761
38232 Fernandez Ridge,Richardstad,Svalbard & Jan Mayen Islands,53287
90830 Miranda Center,Murphyhaven,Serbia,69145
67189 Rebecca Spurs,Yangstad,Slovakia (Slovak Republic),19663
148 Dennis Landing,Port Melinda,Samoa,19861
4030 David Ford,Molinaview,Heard Island and McDonald Islands,59337
80153 Kelli Well,South Moniqueside,Norway,06860
426 Macdonald Stravenue,North Stephanie,Oman,68308
5252 Ryan Way Suite 854,Lake Jeremy,Cote d'Ivoire,72966
939 Hill Viaduct,New Anthony,Sweden,07989
7714 Tiffany Station,Andreamouth,Canada,18642
98129 Julie Groves Apt. 851,Teresahaven,British Virgin Islands,51995
271 Davis Ramp,Williamton,British Virgin Islands,10642
00275 Kaufman Plaza,Richardborough,Egypt,22518
6164 Roberson Trace,Port Tiffany,Belize,11041
6323 Gonzalez Rapid Apt. 932,Port Jennifer,Gabon,76628
36285 Sonya Green Suite 137,Bennettstad,Romania,38532
722 Kim Islands,East Kelly,Antarctica (the territory South of 60 deg S),97120
8880 Scott Summit Suite 197,Markstad,Egypt,32621
6501 Lee Turnpike Suite 929,Gonzalezside,Peru,26985
887 Christopher Greens Apt. 910,Juarezville,Indonesia,56115
34493 Daniel Park Apt. 839,Moorebury,Albania,27033
666 Danny Squares Apt. 746,Martinezborough,Gabon,86834
825 Tammy Rapids Apt. 515,Jeremymouth,Myanmar,33616
1212 Villarreal Trafficway Suite 226,New Christine,China,57262
0483 Booth Valleys,West Lisa,Guatemala,18917
6705 Nelson Forges Apt. 023,Shieldsside,Azerbaijan,44614
249 Davis Fork,Lake Lauren,Montserrat,74086
37346 Powell Throughway Suite 361,North Tony,Chile,75358
290 Wheeler Grove,Lake Victoria,Lesotho,43894
816 Jones Alley Suite 567,Rosalesmouth,Reunion,52643
841 Smith Lodge,Nicholastown,Pitcairn Islands,53881
817 Richardson Estates Suite 195,New Joseph,Kiribati,78472
772 Nathaniel Landing,Joshuafurt,Italy,25348
10480 Newton Square,Yoderborough,Luxembourg,50731
6752 Teresa Light,New Christian,Netherlands Antilles,42269
208 Aimee Curve Apt. 485,Shepardton,Spain,08040
3183 Matthew Via,North Robertshire,Kiribati,39231
9492 Crystal Shore Suite 213,North Robert,Swaziland,72274
505 Pearson Rest Apt. 330,South Erin,Uruguay,18283
343 Miller Square,Heathermouth,Luxembourg,47351
08233 Smith Square,Port Stephanie,Faroe Islands,62370
237 Kathy Rue Suite 987,Shawnside,Papua New Guinea,21450
95665 Miller Rest Suite 157,Jorgechester,Bulgaria,27445
2563 Cooper Extensions Suite 585,West Timothyport,Northern Mariana Islands,58481
25463 Jeffrey Ports Apt. 719,Johnsonburgh,Serbia,89074
684 Ashley Tunnel Suite 800,Barneschester,Egypt,85634
06302 Sullivan Ferry,Port Paulshire,Japan,59969
63782 Theresa Track Apt. 369,North Johnhaven,New Zealand,34466
84451 Virginia Lake,New Suzannemouth,Bahrain,99066
01318 Bryant Forge Apt. 158,Jonathanshire,Angola,66354
34703 Robert Coves Suite 440,Port Megan,Heard Island and McDonald Islands,35409
933 Jones Rue Apt. 410,Lake Alexishaven,Myanmar,90578
14209 Lynn Passage,Lawsonberg,Ecuador,72039
3420 Jones Pass,Connorfort,Saint Kitts and Nevis,88452
7906 Robin Common,Carlosville,Netherlands,73128
49079 Evans Mall Suite 128,Alvarezside,Guadeloupe,77890
9847 Debra Avenue,Ashleyfort,Malta,50019
60528 Gibson Pine Apt. 311,Garrettside,Nepal,05605
7631 Matthew Locks,New Daniel,Norway,47884
4468 Kimberly Hollow,North Lauraton,American Samoa,77830
42610 Jessica Mills,Gregoryside,Austria,47048
445 Brian Forks Suite 422,New Donaldstad,Heard Island and McDonald Islands,90044
55089 Rosales Trafficway,Floydtown,Venezuela,01551
281 Douglas Prairie Apt. 936,New Jonathan,Bulgaria,14671
195 Cortez Circle Suite 340,Schultzshire,Guinea-Bissau,95571
19597 Ryan Course,Port Jordan,Dominica,46855
3973 Flores Valleys Suite 940,New Jenniferfurt,Vietnam,72721
001 Jordan Motorway,New Ashleyborough,Syrian Arab Republic,22842
25126 Martin Courts,Pinedastad,Belize,85636
34450 Walker Center,Torresside,Yemen,92256
45036 Kelley Spur Suite 766,New Brendan,Holy See (Vatican City State),15114
06181 Shaw Pines,South Mark,Sudan,93734
00646 Short Fork,Henryview,Belarus,63704
7570 Friedman Ports,Franklinville,Australia,69188
94009 Allen Overpass Apt. 632,Susanberg,Togo,48400
70850 Michael Expressway Suite 036,Jameshaven,Eritrea,33397
9484 Cheryl Run,Austinview,Zambia,23521
7276 Stephen Harbors,Hodgemouth,Georgia,25715
1184 Porter Glens Apt. 526,North Robert,Chile,15741
5645 Kelly Hills Apt. 989,Crystalberg,Qatar,86811
