job,company,date_joined
"Surveyor, land/geomatics",Harris LLC,2010-09-19
"Conservator, furniture","Evans, Davis and Thompson",2019-01-31
Charity officer,"Flynn, Martin and Jackson",2007-07-31
Location manager,Sampson-Rich,2023-02-27
"Scientist, product/process development",Melendez-Turner,2022-01-25
"Editor, commissioning","Hall, Clark and Larson",2011-08-10
Warden/ranger,Perez Ltd,2022-08-11
Primary school teacher,Dean and Sons,2001-03-03
Armed forces training and education officer,Young-Trevino,2013-06-24
Health promotion specialist,Sullivan-Watson,2007-10-23
Historic buildings inspector/conservation officer,Harris PLC,2009-05-27
Retail merchandiser,Hayes-Dunn,2006-09-12
Media buyer,Rodriguez Ltd,2021-03-11
Archivist,"Moore, Palmer and Chandler",2008-12-01
"Journalist, broadcasting",Jordan-Henderson,2020-12-28
"Engineer, manufacturing",Miller Inc,2004-05-15
"Psychologist, forensic",Jackson PLC,2009-01-14
Training and development officer,"Conley, Gonzalez and Carter",2003-07-23
Cartographer,"Kelly, Carlson and King",2019-04-29
"Merchandiser, retail","Alvarez, Guzman and Brown",2014-01-05
Research scientist (life sciences),"Bennett, Duran and Galvan",2021-11-07
Ergonomist,"Beltran, Petersen and Martinez",2018-04-14
"Engineer, biomedical","Thompson, Lloyd and Chang",2004-12-02
Human resources officer,"Roberts, Franklin and Reid",2009-05-04
Higher education lecturer,Carney-Ferrell,2017-12-24
Media planner,"Aguilar, Garcia and Carroll",2011-09-03
Operations geologist,Johnson PLC,2011-09-20
"Engineer, building services",Hunter LLC,2018-03-20
Broadcast journalist,Rogers LLC,2013-04-02
Adult nurse,Price-Robinson,2007-09-12
Community education officer,"Chambers, Schneider and Brady",2015-05-12
"Surveyor, hydrographic","Evans, Cooley and Wallace",2012-10-13
Contractor,Beard PLC,2019-06-15
Sales promotion account executive,Reid Inc,2006-02-19
"Engineer, manufacturing",Moon-Baker,2008-12-03
Patent attorney,"Brown, Mason and Rivera",2022-12-18
Dispensing optician,"Moore, Garcia and Cortez",2007-02-16
"Accountant, chartered management",Vargas-Frank,2005-12-22
Artist,Porter-Doyle,2019-11-20
Copy,Wilkins-Perry,2001-06-17
"Therapist, horticultural","Pacheco, Green and Johnson",2016-10-26
"Producer, television/film/video",Stanton-Smith,2021-05-05
"Accountant, chartered management","Colon, Sharp and Harmon",2021-10-16
Outdoor activities/education manager,Brady Ltd,2021-11-08
Clinical cytogeneticist,"Ford, Johnson and Gaines",2005-03-05
Lexicographer,Wilkerson Inc,2006-02-04
Intelligence analyst,Wang-Blackwell,2002-06-03
"Scientist, biomedical",Lane-Lin,2004-01-25
Air cabin crew,Stephens-Galloway,2006-12-19
"Teacher, secondary school",Washington and Sons,2007-01-03
Clinical molecular geneticist,Garcia-Randall,2020-09-30
Advice worker,Snyder-Morris,2021-08-05
Biomedical engineer,Johnson LLC,2002-06-02
Geoscientist,Barnes-Fowler,2016-12-28
"Sound technician, broadcasting/film/video",Cruz Inc,2002-07-06
"Administrator, charities/voluntary organisations",Weaver Inc,2022-03-23
Toxicologist,Miller and Sons,2004-03-25
"Civil engineer, consulting",Anderson Inc,2001-02-28
Telecommunications researcher,Johnson-Lee,2008-10-10
Occupational hygienist,"Black, Ali and Garcia",2016-03-08
"Sales professional, IT","Floyd, Barton and Dickerson",2012-04-26
Environmental education officer,"Shaffer, Doyle and Lee",2022-10-21
Further education lecturer,Bailey-Burton,2016-02-19
"Accountant, chartered certified",Scott Ltd,2009-05-15
"Research officer, political party",Jordan-Wright,2004-11-10
Structural engineer,Castillo-Santos,2016-09-15
"Surveyor, planning and development",Turner-Wolfe,2019-08-14
"Engineer, civil (consulting)",Johnston Inc,2013-03-27
Nature conservation officer,Wilson-Wood,2006-08-15
Psychiatrist,Ramirez and Sons,2007-03-30
Merchant navy officer,Williamson and Sons,2019-03-04
"Lighting technician, broadcasting/film/video","Brady, Roberts and Adams",2022-05-27
"Engineer, control and instrumentation",Barr Group,2021-10-05
Petroleum engineer,Baldwin-Bailey,2004-02-19
"Education officer, community","Carrillo, Hicks and Garcia",2021-10-07
Broadcast journalist,"Williamson, Nelson and Brady",2000-04-30
Dancer,Daniel-Rasmussen,2015-04-25
Furniture conservator/restorer,Shepard Ltd,2007-01-02
Audiological scientist,Ward-Gonzalez,2012-06-17
Forensic scientist,Eaton LLC,2011-01-10
Building surveyor,Potts Ltd,2006-02-20
Phytotherapist,Gentry-Haney,2000-10-19
"Therapist, drama","Rodgers, Aguilar and Melendez",2013-07-22
"Restaurant manager, fast food",Marshall-Gomez,2014-09-08
Media planner,Castro-Thompson,2024-08-12
Web designer,"Pierce, Gonzalez and Miller",2023-11-06
"Engineer, petroleum","Hart, Sutton and Johnson",2015-11-17
Exercise physiologist,Conrad-Dudley,2017-08-16
Town planner,Willis-Kramer,2009-03-04
Learning mentor,"Bryant, Brown and Campbell",2010-11-23
Speech and language therapist,"Murphy, Delgado and Nunez",2001-01-16
Office manager,"Lambert, Stephens and Garcia",2013-10-28
Insurance underwriter,Murphy Inc,2007-04-17
Tourist information centre manager,Roy-Logan,2021-08-07
"Civil engineer, contracting",May-Mclean,2003-10-12
Public house manager,Jones LLC,2007-07-24
Barrister's clerk,Allen-Malone,2010-08-01
Television/film/video producer,"Hurley, Johnson and Leon",2020-01-26
Seismic interpreter,Johnson and Sons,2007-01-27
"Surveyor, building","Yoder, Woods and Douglas",2022-07-11
Electrical engineer,Flores PLC,2000-03-27
"Engineer, land","Williams, Garza and Martinez",2009-09-09
"Radiographer, diagnostic","Short, Johnson and Ford",2010-08-25
Charity fundraiser,Roman PLC,2014-11-15
"Designer, blown glass/stained glass",Park-Lutz,2003-10-04
Psychiatric nurse,Olson LLC,2001-06-10
Sports administrator,Robinson Inc,2015-05-31
Personnel officer,Kim-Fowler,2000-01-12
"Engineer, maintenance (IT)",Garcia-Reyes,2020-05-27
Housing manager/officer,"Larsen, Richards and Brock",2017-08-12
Fine artist,Wells-King,2020-08-16
Retail merchandiser,Silva LLC,2022-02-21
Textile designer,Arellano-Atkins,2015-12-09
Probation officer,Smith and Sons,2020-09-19
Secretary/administrator,"Taylor, Ward and Golden",2017-01-10
Armed forces operational officer,Jones-Beck,2011-12-31
Diplomatic Services operational officer,Tucker-Holden,2009-01-19
"Engineer, technical sales",Fuller-Walls,2001-09-21
Astronomer,Horne Inc,2023-11-26
"Doctor, general practice","Thompson, Woodward and Gardner",2012-07-11
"Surveyor, building control",Peterson-Ortega,2007-09-03
Armed forces logistics/support/administrative officer,Clarke Inc,2024-04-17
Translator,Smith PLC,2022-05-14
Media buyer,Ferguson-Evans,2014-01-16
"Doctor, hospital","Khan, Rodriguez and Chapman",2001-08-16
Fast food restaurant manager,"Rodriguez, Mitchell and Hill",2020-06-01
Broadcast journalist,Williams-Sanchez,2013-08-03
"Engineer, materials",Baker-Jones,2003-08-13
Fisheries officer,Morris Ltd,2016-07-10
Software engineer,Webb-Buck,2022-02-03
Financial risk analyst,Anderson Inc,2001-07-31
Glass blower/designer,Payne-Saunders,2007-02-27
Air traffic controller,Hanson-Thomas,2001-04-13
Mudlogger,"Bradford, Flynn and Ford",2017-12-03
Equality and diversity officer,Chen-Lee,2021-11-08
Jewellery designer,Zamora Group,2001-06-22
Occupational therapist,Wolf and Sons,2001-02-19
"Optician, dispensing",Moss-Robertson,2020-01-12
Public affairs consultant,Chavez-Jones,2022-08-27
Warehouse manager,Scott-Thomas,2008-10-30
Agricultural engineer,"Mitchell, Ramirez and Howe",2004-07-27
Learning mentor,"Gonzalez, Hanson and Holmes",2012-07-07
Tour manager,"Johnson, Simmons and Herrera",2004-07-28
"Producer, radio",Stone Inc,2013-08-26
Architect,Flores-Lewis,2006-09-01
Investment analyst,"Rivera, Payne and Hughes",2006-01-20
Barrister's clerk,"Wilson, Mata and Cox",2019-06-20
Risk manager,Miller-Smith,2023-02-26
"Doctor, hospital","Clark, Waters and Davidson",2016-11-03
Warehouse manager,"Wilson, Hays and Adams",2017-02-28
Risk analyst,Colon and Sons,2008-01-07
Estate agent,Underwood-Archer,2020-05-07
IT technical support officer,"Barrett, Peterson and Davis",2005-07-18
Housing manager/officer,"Martinez, Gonzalez and Jackson",2023-08-17
Systems analyst,Johnson-Bryant,2011-11-06
Associate Professor,Potts-Montes,2007-04-05
Warden/ranger,Collins Inc,2000-05-24
"Merchandiser, retail","Davenport, Martinez and Mason",2015-12-22
Corporate investment banker,Chang-Sanchez,2002-08-12
Immunologist,Miller PLC,2007-10-05
Clinical molecular geneticist,"Foster, Sanchez and Hansen",2005-12-08
Ergonomist,Blair Inc,2022-09-04
"Nurse, mental health",Howell-Garcia,2004-09-12
Industrial buyer,"Huber, Clark and Henry",2019-06-24
Psychotherapist,Jones-Maxwell,2016-01-18
Telecommunications researcher,Owens-Golden,2021-07-27
Community education officer,"Johnson, Carlson and Blair",2017-06-25
Community pharmacist,Miller Ltd,2017-12-11
Fine artist,"Mitchell, Henson and Marquez",2003-11-22
Financial planner,"Choi, Allen and Martin",2008-06-10
Sports development officer,Harris-Barber,2012-01-30
Housing manager/officer,"Watkins, Lane and Meyers",2014-01-26
Museum/gallery exhibitions officer,Trujillo-Edwards,2008-01-18
Higher education lecturer,"Mcclain, Hoover and Johns",2000-08-31
Curator,Carter-Davis,2016-02-12
Teaching laboratory technician,Lozano Group,2016-02-09
Optometrist,Flores-Erickson,2004-02-17
Forest/woodland manager,Williams Group,2013-05-17
Surgeon,Santos PLC,2024-03-25
"Journalist, newspaper",Hart and Sons,2022-05-29
"Nurse, learning disability",Medina-Blake,2013-02-14
"Administrator, charities/voluntary organisations","Hernandez, Dean and Shaw",2009-07-12
Retail manager,Rios Group,2024-10-31
"Scientist, water quality","Fox, Hinton and Moore",2020-04-18
Television camera operator,Torres LLC,2019-02-10
Financial adviser,Williams and Sons,2004-08-03
Optometrist,Hunter-Ware,2019-08-07
"Investment banker, corporate",Hatfield-Clayton,2019-09-28
Data scientist,Roberts-Parsons,2015-06-19
"Scientist, research (life sciences)",Morales Ltd,2021-02-18
Clinical embryologist,"Page, Reid and Elliott",2018-07-28
Estate agent,Frazier Inc,2021-12-04
Horticultural consultant,Clarke-Richardson,2002-08-11
Magazine journalist,"Caldwell, Medina and Hicks",2008-08-13
Medical laboratory scientific officer,"Taylor, Miller and Schneider",2000-03-09
Art therapist,May-Ibarra,2016-08-19
"Engineer, petroleum",Wood-Johnson,2000-04-01
Product manager,Austin-Pennington,2001-01-22
Homeopath,Brown-Collins,2007-01-26
Youth worker,Boone Inc,2019-11-23
"Accountant, chartered management","Snow, Frederick and Johnson",2018-07-15
Financial trader,"Williams, Perry and Smith",2014-01-22
Dance movement psychotherapist,Johnson PLC,2024-05-26
Film/video editor,"Osborne, Ramos and Nixon",2020-05-09
"Programmer, multimedia",Scott LLC,2000-05-29
Optometrist,"Durham, Villanueva and Anderson",2006-04-16
Chiropodist,"Mcdonald, Green and Hughes",2016-06-27
"Presenter, broadcasting",Bowman LLC,2014-08-25
Contracting civil engineer,Clark LLC,2023-09-01
"Psychotherapist, dance movement",Brown Ltd,2006-05-18
Multimedia programmer,Ross Group,2011-06-13
Government social research officer,Arnold PLC,2009-11-15
Fish farm manager,Jackson-Case,2000-11-06
Colour technologist,Rivera LLC,2003-10-05
IT consultant,Williams-Rivera,2002-09-07
Paramedic,Byrd-Smith,2003-06-18
"Conservation officer, nature",Potter Ltd,2005-10-08
Police officer,Elliott Group,2022-10-21
"Psychologist, prison and probation services",Larson-Malone,2022-06-12
Orthoptist,Blankenship and Sons,2012-03-24
Counsellor,Harding LLC,2005-04-09
Hotel manager,Park-Lynch,2011-11-26
"Designer, furniture","Russell, Wheeler and Randolph",2016-06-30
Nature conservation officer,"Williams, Williamson and Ramos",2005-03-06
Theatre stage manager,Richard-Cooper,2018-05-27
"Scientist, research (maths)",Davis-Watson,2019-11-25
Logistics and distribution manager,Johnson PLC,2014-07-05
Podiatrist,Russell and Sons,2022-10-14
Arts development officer,"Wright, Lloyd and Barnett",2024-06-05
Public house manager,Dillon PLC,2013-07-17
"Editor, magazine features",Mcguire-Robertson,2018-07-04
"Teacher, early years/pre",Perry-Taylor,2014-09-22
Chartered loss adjuster,"Tucker, Khan and Schultz",2016-10-27
"Production assistant, radio","Powers, Collins and Allison",2004-06-14
Location manager,Moon Inc,2008-11-02
Bonds trader,"Mclaughlin, Pena and Zimmerman",2004-10-08
Arts administrator,Davidson-King,2003-01-19
"Surveyor, minerals","Clark, Small and Cantrell",2012-06-20
Textile designer,"Salazar, Boyle and Kramer",2000-01-09
Television/film/video producer,Kramer Group,2004-05-13
Psychiatrist,Nichols-Delgado,2000-02-16
Geochemist,Donovan-Cunningham,2022-05-20
Animal nutritionist,Hamilton-Matthews,2009-02-18
IT consultant,Carter-Johnson,2000-03-24
Cytogeneticist,Miles-Williams,2021-02-03
"Designer, blown glass/stained glass","Stafford, Sparks and Alexander",2012-05-01
Hotel manager,Jimenez-Williams,2017-01-16
Academic librarian,Calhoun Inc,2023-12-28
"Designer, industrial/product",Thomas-Nichols,2021-05-20
Health and safety adviser,Daniels PLC,2018-12-06
"Therapist, occupational",Williams Inc,2018-04-20
"Programmer, systems","Salinas, Arnold and Franklin",2003-02-13
Social worker,Diaz LLC,2009-05-14
"Nurse, adult",Adams-Edwards,2005-10-22
"Therapist, horticultural",Saunders-Washington,2009-03-12
Charity fundraiser,Perez-Coleman,2000-02-20
Exhibition designer,"Mueller, Bryant and Smith",2012-10-11
Insurance underwriter,Cooper Ltd,2019-10-16
Actuary,Kelly-Davis,2000-02-18
"Administrator, sports","Olson, Davis and Gutierrez",2004-08-26
Dance movement psychotherapist,Newman-Baker,2011-05-14
Games developer,"Livingston, Fowler and Hayes",2016-12-23
Dancer,"Gross, Medina and Marshall",2015-03-29
Production manager,"Stewart, Hanna and Duncan",2003-01-22
Audiological scientist,"Lin, Henderson and Torres",2016-01-16
Commissioning editor,Hampton-Wilkinson,2000-11-28
Food technologist,Moore PLC,2003-01-27
Museum/gallery conservator,"Gibbs, Brown and Gonzalez",2022-08-28
Health and safety inspector,Smith Group,2007-12-06
Catering manager,"Carter, Walton and Williams",2007-12-10
"Engineer, automotive","Jimenez, Parker and Williams",2005-03-06
Medical laboratory scientific officer,Morales PLC,2024-06-27
Diplomatic Services operational officer,Gonzalez Ltd,2000-11-14
Nature conservation officer,Freeman-Wall,2001-04-16
"Engineer, production",Ayers-Parker,2009-03-13
"Production assistant, radio",Holmes Group,2001-05-26
Environmental manager,Marshall Inc,2020-07-29
"Administrator, Civil Service","Graves, Cruz and Joyce",2008-10-08
Early years teacher,Chavez-Martinez,2002-05-19
Community development worker,"Walker, Miller and Jackson",2019-08-23
Mechanical engineer,Holmes PLC,2023-01-14
Haematologist,Ryan-Williams,2017-02-22
Merchant navy officer,"Grimes, Smith and Velez",2017-10-19
Museum/gallery exhibitions officer,Howe-Ortiz,2020-12-26
Health service manager,"Sharp, Horton and Hines",2024-01-12
"Surveyor, planning and development","Savage, Dunn and Rodriguez",2008-10-06
Paramedic,Jordan Ltd,2019-01-06
Educational psychologist,"Baker, Morgan and Delacruz",2016-01-20
Sports administrator,Harris-Ramirez,2013-10-26
Sales promotion account executive,Alexander PLC,2016-01-10
"Civil engineer, contracting",Pierce-Dorsey,2002-03-30
"Nurse, children's","Cruz, Henry and Osborne",2014-11-08
Sports development officer,Morales Ltd,2023-06-20
"Scientist, audiological",Jenkins Group,2020-09-09
Quarry manager,"Smith, Jones and Jackson",2017-09-30
"Engineer, mining",Lane Ltd,2004-10-02
Forest/woodland manager,Roberts PLC,2015-06-18
Hospital doctor,Baldwin-Figueroa,2019-11-19
"Copywriter, advertising",Meyer-Beltran,2015-04-04
Horticultural consultant,Obrien-Thomas,2015-07-19
Armed forces operational officer,Brooks Group,2006-01-02
Horticultural consultant,Williams PLC,2017-02-11
Counsellor,"Lawson, Kirby and Davis",2002-12-25
Legal executive,Lewis Ltd,2010-08-14
Commercial horticulturist,Miller-Smith,2019-01-10
Theatre director,"Turner, Crosby and Williams",2003-06-29
Secondary school teacher,Porter PLC,2009-04-23
Public relations account executive,"Murphy, Torres and Mitchell",2017-01-31
Telecommunications researcher,Underwood-Erickson,2014-11-08
Chiropodist,Johnson Group,2003-04-26
Armed forces training and education officer,"Williams, Gill and Logan",2013-12-07
Legal executive,Clark Ltd,2016-01-06
Nutritional therapist,Russo-Moran,2001-12-04
Risk analyst,Brown Group,2012-08-15
Tourist information centre manager,Lee-Pineda,2002-11-08
Radio producer,"Campbell, Miller and Tyler",2019-10-02
Clothing/textile technologist,"Hull, Bennett and Avila",2005-06-15
Art therapist,Mcclure Inc,2024-09-09
Market researcher,Martinez-Smith,2003-10-15
Merchant navy officer,Moreno Ltd,2016-08-04
"Doctor, hospital",Warren-Brown,2023-03-23
Electrical engineer,"Smith, Novak and Edwards",2003-12-31
Neurosurgeon,"Booker, West and Sherman",2023-12-24
"Research officer, trade union",Smith-Roberts,2010-08-04
Lawyer,Campbell Ltd,2005-08-03
Ergonomist,Christian-Butler,2018-04-13
"Librarian, public",Lopez-Willis,2017-12-12
Health physicist,"Diaz, Johnson and Wilkerson",2018-09-18
Dance movement psychotherapist,Mitchell-Cook,2015-06-19
Aid worker,Klein-Matthews,2006-10-27
Ranger/warden,Faulkner PLC,2009-07-04
Microbiologist,"Mendoza, Nichols and Jackson",2021-07-22
Chief Technology Officer,Williamson Ltd,2021-11-03
Television floor manager,Robinson Group,2004-08-04
Radio broadcast assistant,Vazquez-Schultz,2000-05-30
"Psychotherapist, child","Curtis, Evans and Dixon",2015-06-09
Fisheries officer,"Martin, Johnson and Stanley",2013-03-01
Technical sales engineer,Holmes-Holden,2019-05-15
"Scientist, marine","Obrien, Miller and Ingram",2015-08-07
"Sound technician, broadcasting/film/video","Hall, Ortega and Lane",2016-12-06
Ergonomist,Moran-Johnson,2011-02-21
Geochemist,Reilly-Jackson,2004-05-17
Human resources officer,Brown-King,2000-12-01
"Scientist, marine",Nguyen PLC,2010-10-16
"Production assistant, radio","Hickman, Hughes and Rosario",2000-12-09
Electronics engineer,Copeland LLC,2019-12-12
Hospital doctor,"Lopez, Davis and Cox",2004-04-05
Training and development officer,Smith PLC,2009-03-13
Data scientist,"Clark, Gonzalez and Phillips",2009-01-22
Dealer,Clark-Marks,2000-02-08
Psychiatric nurse,Robinson-Holt,2008-08-13
Forensic scientist,Rocha-Olson,2012-05-25
Neurosurgeon,Jimenez and Sons,2006-11-26
"Journalist, newspaper",Sanchez-Thompson,2006-03-16
Site engineer,"Underwood, Phillips and Hunter",2024-03-10
Environmental education officer,Wright and Sons,2015-08-29
Furniture conservator/restorer,"Middleton, Miller and Ortiz",2017-10-22
Landscape architect,Mays-Potter,2021-08-08
Armed forces training and education officer,"Hall, Alvarado and Wagner",2015-05-19
Surgeon,"Evans, Wilson and Cunningham",2019-09-22
"Development worker, international aid",Lara-Russo,2006-11-29
"Designer, television/film set",Moore-Hartman,2007-09-08
Production engineer,Gibson LLC,2001-09-29
Garment/textile technologist,"Moran, Adams and Hanson",2014-02-18
Therapeutic radiographer,Watson LLC,2010-04-30
Video editor,"Lewis, Wright and Bailey",2007-02-01
"Nurse, adult","Scott, Wilson and Cruz",2021-01-14
Oncologist,Perkins-West,2003-01-07
"Surveyor, land/geomatics",Cisneros-Berg,2000-07-07
"Research officer, government",Johnson-Melton,2008-02-25
"Optician, dispensing","Hess, Jones and Guzman",2002-12-30
Science writer,"Cain, Mccoy and Gonzalez",2008-02-03
Copy,"Hawkins, Burnett and Mcguire",2013-10-19
Pathologist,Wells-Davis,2018-11-21
Clinical biochemist,"Nunez, Morrow and Jordan",2008-06-22
"Engineer, maintenance (IT)",Phillips-Chavez,2015-12-18
Visual merchandiser,"Rodriguez, Hoover and Warren",2022-01-16
Public librarian,"Harris, Stafford and Horne",2013-05-13
"Surveyor, building",Hart Group,2003-06-01
Armed forces technical officer,"Ball, Burke and Gray",2005-12-29
Restaurant manager,"Myers, Moore and Coleman",2024-09-15
Professor Emeritus,"Ross, Morris and Cervantes",2013-02-27
"Nurse, adult",Smith-Moran,2020-05-04
Food technologist,Reyes-Rojas,2015-08-14
Nutritional therapist,Gates-Lowe,2016-06-01
"Producer, television/film/video",Green-George,2024-05-20
Medical secretary,Ellis-Kelley,2006-06-01
Estate manager/land agent,Farrell-Williams,2014-01-20
Systems developer,Lambert Group,2004-05-19
"Scientist, product/process development","Cooper, Meyer and Zavala",2006-12-01
Hospital doctor,"Hamilton, Chambers and Jordan",2015-10-20
"Education officer, environmental",Rivers and Sons,2008-10-30
"Scientist, audiological","Smith, Jones and Franklin",2010-04-20
Learning mentor,Mendez Ltd,2022-09-24
"Engineer, manufacturing",Cunningham-Page,2010-06-23
Hydrogeologist,Finley and Sons,2000-04-05
Sub,Sullivan-Sherman,2012-02-19
"Teacher, primary school","Rosario, Garcia and Adams",2003-07-31
"Research officer, political party",Reid-Sloan,2010-06-28
Horticultural therapist,Perez LLC,2006-10-09
Web designer,Khan and Sons,2007-10-02
"Psychotherapist, child",Castro-Bass,2016-06-12
Physiotherapist,Duran-White,2013-05-31
Acupuncturist,Velazquez and Sons,2008-06-28
Games developer,Carroll PLC,2011-04-03
Armed forces training and education officer,Smith-Garcia,2006-08-29
Pension scheme manager,"Mora, Bell and Boone",2011-03-06
Geographical information systems officer,Williams LLC,2001-06-27
"Therapist, art",Vargas-Jones,2003-08-29
"Designer, fashion/clothing","Curry, Moran and Donaldson",2022-05-21
Adult nurse,"Dillon, Black and Page",2012-10-04
Further education lecturer,Johnson and Sons,2005-10-31
"Editor, film/video",Mcconnell-Curtis,2000-08-24
Race relations officer,Sutton PLC,2016-03-03
Engineering geologist,"Crawford, Ramirez and Schneider",2020-01-01
"Editor, commissioning",Todd-Lopez,2004-10-10
Industrial buyer,"Mcfarland, Carney and Bowman",2002-11-03
Naval architect,Arnold Ltd,2007-10-24
Barista,"Robinson, Chambers and White",2015-10-26
"Engineer, electrical","Brown, Farmer and Kelley",2012-08-30
Economist,"Peterson, Morgan and Hunt",2019-08-24
Health visitor,Thomas Inc,2017-09-16
"Presenter, broadcasting",Baker Inc,2019-12-29
Orthoptist,"Lawson, Navarro and Allen",2002-11-27
Clinical cytogeneticist,"Smith, Hall and Spears",2003-07-03
Insurance risk surveyor,"Crosby, Walton and Williams",2012-12-15
Politician's assistant,Mcdowell-Miranda,2007-03-30
"Therapist, horticultural","Mack, Adkins and Horton",2020-09-28
Health physicist,"Clark, Lane and Banks",2001-01-31
"Librarian, academic",Dawson LLC,2008-09-13
Structural engineer,"Anderson, Little and Gallegos",2020-11-03
Network engineer,Case Ltd,2003-06-22
"Engineer, civil (contracting)","Ramirez, Garcia and Terry",2016-12-16
"Engineer, electronics",Wallace and Sons,2001-09-11
Drilling engineer,Thompson-Baker,2016-09-08
Advice worker,Bell Inc,2023-10-10
Public relations account executive,Garcia and Sons,2013-06-09
"Journalist, magazine",Hanna-Nielsen,2006-05-15
Television/film/video producer,Long PLC,2014-05-21
"Designer, furniture",Spears-Webster,2001-01-19
Legal executive,Bernard Ltd,2022-12-25
Arboriculturist,Norman-Hanson,2012-01-04
Clothing/textile technologist,Garcia-Owen,2002-01-01
Tax inspector,Park Ltd,2014-11-09
Dentist,Gonzalez PLC,2012-10-10
Astronomer,"Blake, Lewis and Jones",2005-01-05
Careers adviser,"Ramos, Thompson and Ortega",2010-06-26
Field trials officer,Garza-Young,2009-10-23
Nature conservation officer,Coleman-Mcclure,2024-05-13
Technical brewer,Long-Rodriguez,2024-11-23
Chief Technology Officer,Wilson Group,2006-12-07
Merchant navy officer,Martinez Ltd,2008-02-11
"Surveyor, mining","Murillo, Alexander and Holmes",2010-10-21
Product/process development scientist,Bailey-White,2017-10-04
"Civil engineer, consulting",Leblanc-Roberts,2009-11-10
Illustrator,Griffin Inc,2003-08-28
Psychotherapist,Nelson Ltd,2015-10-22
Consulting civil engineer,Hancock-Conner,2016-05-25
Community arts worker,Lewis PLC,2002-10-08
Textile designer,"Petty, Hernandez and Castro",2015-02-12
Water engineer,Griffin PLC,2004-03-08
Proofreader,"Hall, Weber and Dominguez",2010-01-27
Probation officer,Miller Ltd,2010-10-02
"Engineer, maintenance",Griffith-Hunter,2005-08-11
"Doctor, hospital",Woods-Lopez,2011-02-02
"Scientist, audiological",Mitchell-James,2023-12-26
"Doctor, hospital",Cummings PLC,2002-02-18
"Investment banker, corporate",Powell-Green,2004-07-07
Medical sales representative,Leach Ltd,2001-11-30
Drilling engineer,Lowe-Larson,2013-10-29
"Engineer, electrical","Reeves, Murillo and Rodriguez",2004-03-09
"Engineer, chemical","Miller, Hester and Bauer",2007-04-08
Health and safety inspector,Scott-Lee,2009-07-23
Passenger transport manager,Stanley-Cunningham,2004-09-05
"Engineer, site",Rangel Ltd,2020-05-23
Local government officer,Simpson Ltd,2013-06-27
Chartered legal executive (England and Wales),Warren-Woods,2010-05-06
"Engineer, electrical",Davis-Moore,2005-05-15
"Engineer, site","Pacheco, Bailey and Miller",2000-10-08
Web designer,"Dunn, Wallace and Bradley",2011-03-05
"Scientist, forensic",Moses LLC,2019-02-14
"Embryologist, clinical",Potter-White,2019-01-16
"Editor, commissioning","Brown, Cruz and Moore",2022-04-07
Multimedia specialist,Mayo-Robbins,2008-11-10
"Accountant, chartered management",Cortez and Sons,2001-06-25
"Designer, textile","Patterson, Rios and Fuller",2019-09-15
Banker,Williams Ltd,2015-06-17
"Embryologist, clinical",Ortiz-Sherman,2020-12-01
"Surveyor, commercial/residential",Martin-Cole,2001-09-19
Medical technical officer,Taylor-Dixon,2011-05-26
"Development worker, international aid",Carney-Mitchell,2008-10-15
"Buyer, industrial",Gould-Lindsey,2016-09-21
"Education officer, community","Bennett, Velasquez and Leblanc",2022-06-09
Corporate investment banker,"Adams, George and Moore",2020-10-18
Firefighter,Pena Inc,2009-04-14
Air traffic controller,Powell Group,2010-07-26
Learning mentor,Mckay PLC,2000-02-01
"Designer, jewellery",Leblanc-Gilbert,2021-08-25
Environmental manager,"White, Hudson and Warren",2006-09-04
Data scientist,"Ortiz, Smith and Cook",2018-12-09
Financial controller,Lawrence-Ware,2021-06-11
Community arts worker,Taylor Ltd,2007-07-16
Pensions consultant,Gonzales-Diaz,2000-06-18
"Journalist, magazine",Stein-Anderson,2007-09-02
Architectural technologist,Webster Ltd,2024-04-27
"Journalist, broadcasting","Swanson, Shields and Baker",2020-07-29
"Psychologist, sport and exercise",Gilmore-Potter,2013-01-28
"Horticulturist, amenity",Romero-Tate,2016-07-19
Tourism officer,"Lee, Gilmore and Warren",2016-08-21
"Research officer, political party",Chandler-Carson,2007-06-11
Television floor manager,"Mckee, Lopez and West",2024-01-10
Diplomatic Services operational officer,Hunter-Jones,2014-01-16
Occupational therapist,Smith-Heath,2009-03-30
Administrator,Holmes and Sons,2011-03-19
Charity officer,Flowers-Garrett,2017-12-25
Geochemist,Bryan Ltd,2003-07-15
"Embryologist, clinical","Valdez, Kim and Wood",2004-03-31
Armed forces logistics/support/administrative officer,Jones LLC,2020-02-17
Counsellor,"Green, Hamilton and Miller",2010-08-06
"Designer, multimedia",Miles-Hanson,2013-07-31
"Pharmacist, hospital",Neal-Fox,2003-03-06
Records manager,Snyder Ltd,2011-03-26
Insurance underwriter,Hernandez-Burke,2005-04-10
Clinical psychologist,"Sanford, Powers and Lane",2017-05-12
"Accountant, chartered public finance",Martinez-Larson,2012-08-27
Product/process development scientist,"Robinson, Mclaughlin and Thompson",2022-03-17
Microbiologist,Hodges-Smith,2008-11-29
"Scientist, physiological",Dunn-Perez,2019-03-06
Oncologist,Graham Inc,2004-07-25
"Embryologist, clinical",Hughes-George,2012-09-13
Make,"Ross, Smith and Mays",2020-02-21
Geographical information systems officer,Hernandez LLC,2009-09-15
Horticultural consultant,"Young, Jacobs and Hinton",2014-08-22
Music therapist,Roberts-Hall,2014-12-12
"Programme researcher, broadcasting/film/video",Montes and Sons,2001-11-11
Building surveyor,"Sloan, Fox and Hooper",2001-01-09
Environmental consultant,Hahn LLC,2004-04-10
Broadcast journalist,Wall Ltd,2012-01-20
Radio producer,Short-Glover,2000-11-12
Media planner,"Jones, Nichols and Aguilar",2015-01-22
Careers adviser,Ryan-Parker,2001-05-14
General practice doctor,"Yoder, Sanchez and Clark",2014-03-25
Database administrator,Medina and Sons,2009-09-13
Secretary/administrator,Wright PLC,2014-07-03
"Biochemist, clinical",Snyder PLC,2015-09-24
Public relations officer,Munoz-York,2010-05-01
"Engineer, civil (contracting)",Wright-Black,2014-05-20
"Scientist, water quality",Padilla-Martin,2011-05-12
"Doctor, general practice",Murray-Chavez,2010-04-22
Pensions consultant,Patterson Inc,2011-07-09
Geophysicist/field seismologist,Montoya Inc,2010-02-11
Advertising copywriter,"Turner, Schneider and Rhodes",2005-10-18
"Engineer, mining","Jones, Black and Edwards",2013-04-09
"Therapist, art",Hill-Townsend,2019-04-19
"Engineer, communications",Morales Group,2018-03-24
Research scientist (physical sciences),"Brock, Green and Williams",2009-12-09
"Education officer, community","Williams, Watson and Brown",2016-01-02
"Surveyor, building",Wagner Group,2024-04-11
Graphic designer,"Long, Byrd and Young",2019-01-13
Sport and exercise psychologist,"Evans, Adams and Moody",2010-05-20
Tourist information centre manager,"Hatfield, Robles and Roberts",2022-11-17
Technical brewer,Allen-Rivera,2015-08-20
"Engineer, production","Hanson, Williams and Sanchez",2004-03-03
Health and safety inspector,"Hooper, Clark and Berry",2004-10-07
"Exhibitions officer, museum/gallery","Cobb, Burch and Wilson",2003-09-22
Financial controller,"West, Powers and Mcguire",2019-09-23
TEFL teacher,Nelson PLC,2006-10-24
Press photographer,"Smith, West and Scott",2012-03-31
Ophthalmologist,"Lawson, Hull and Carter",2006-05-31
Futures trader,"Mckenzie, Yates and Rowland",2023-05-24
"Scientist, marine","Campbell, Anderson and Rodriguez",2007-06-24
Research scientist (maths),"Cunningham, May and Gardner",2017-03-12
Magazine journalist,Snyder Inc,2021-08-22
Sales executive,"Mills, Morris and Harris",2012-10-30
"Civil engineer, contracting",Romero-Franklin,2015-08-16
Geoscientist,Kim-Moore,2008-07-22
"Designer, blown glass/stained glass","Moore, Ellison and Campbell",2007-04-03
"Production assistant, radio","Wheeler, Cantrell and Acevedo",2013-09-07
Chartered certified accountant,"Roberts, Rodriguez and Marsh",2023-09-20
"Administrator, Civil Service","Edwards, Williams and Parker",2019-05-30
Trade union research officer,Mosley-Jacobs,2011-04-04
Airline pilot,Leblanc-Wright,2003-12-14
"Development worker, community","Dickerson, Mitchell and Doyle",2015-10-02
Government social research officer,Maldonado-Bell,2011-04-13
Electronics engineer,"Rios, Burton and Perry",2007-01-25
"Engineer, water",Austin LLC,2005-06-19
Print production planner,"Boyd, Boyer and Munoz",2012-03-19
"Psychologist, educational","Carlson, Galloway and Morris",2005-02-22
Historic buildings inspector/conservation officer,Johnson Inc,2003-09-06
Trade union research officer,"Garcia, Jimenez and Lucas",2013-12-17
Corporate treasurer,"Aguilar, Schmidt and Bradley",2013-11-25
Amenity horticulturist,"Wang, Valentine and Lester",2012-11-15
Bonds trader,"Cowan, Williams and Mejia",2007-07-23
IT trainer,Lynch Inc,2016-09-30
"Physicist, medical",Butler LLC,2002-04-11
Magazine journalist,Smith Ltd,2013-06-09
"Geologist, wellsite",Rangel PLC,2006-04-10
Office manager,Roth Group,2016-10-24
Associate Professor,"Smith, Scott and Bauer",2008-03-27
"Programme researcher, broadcasting/film/video",Aguilar-Stone,2004-02-20
Dealer,"Campbell, Jimenez and Valenzuela",2001-02-11
Armed forces training and education officer,"Berg, Howard and Nunez",2015-01-13
"Producer, radio",Davis-Wheeler,2020-05-24
Museum/gallery conservator,Wagner Group,2013-06-10
"Administrator, charities/voluntary organisations",Johnson LLC,2000-12-29
"Therapist, music",Goodwin Inc,2006-08-16
"Journalist, broadcasting",Johnson-Lowe,2014-10-08
"Psychologist, sport and exercise",Burton-Shelton,2013-09-07
Clothing/textile technologist,Sellers-Carter,2019-05-06
"Restaurant manager, fast food",Cooper-Miller,2021-01-06
"Programmer, systems",Lowe Group,2013-08-11
Agricultural consultant,Sampson LLC,2013-10-18
Town planner,Park Group,2017-10-03
Curator,Lewis LLC,2020-08-10
Paramedic,"Ibarra, Nelson and Wheeler",2019-08-12
Insurance risk surveyor,Turner-Martin,2002-07-30
Heritage manager,Robbins PLC,2020-06-16
Tourism officer,Lopez-Miller,2018-09-09
"Psychologist, clinical",Andrews-Stewart,2001-05-24
Purchasing manager,"Miller, Clark and Green",2017-03-03
"Geologist, wellsite","Foster, Summers and Noble",2005-11-12
"Programmer, multimedia",Cantu-Gonzalez,2023-06-05
Arboriculturist,"Sanchez, Santos and West",2016-06-05
Professor Emeritus,"Green, Mitchell and Jennings",2024-02-12
Chartered loss adjuster,Hardy-Baldwin,2006-12-18
"Therapist, horticultural",Cross-Brooks,2011-08-02
"Teacher, early years/pre","White, Williams and Travis",2010-05-01
Music tutor,"Moore, Davis and Thomas",2020-01-29
Social worker,"Allen, Hanson and Jefferson",2024-03-19
Ranger/warden,"White, Weaver and Turner",2023-05-13
"Horticulturist, commercial","May, House and Rodriguez",2024-01-27
Minerals surveyor,Peters-Lee,2021-09-28
Herpetologist,"Collins, Moran and Jones",2022-01-27
Radio broadcast assistant,Rivera-Graves,2019-08-26
Medical physicist,Padilla-Dean,2006-07-09
"Teacher, special educational needs","Hanson, Robinson and Lynch",2019-12-11
Printmaker,"Thompson, Skinner and King",2013-10-17
"Engineer, materials","Williams, Jones and Dominguez",2017-04-05
Actuary,"Hamilton, Anderson and Wheeler",2010-12-28
Osteopath,Adams LLC,2024-01-06
"Conservator, furniture","White, Rodriguez and Smith",2001-02-12
Public relations officer,Cook-Simmons,2013-04-13
Careers adviser,"White, Palmer and Haynes",2005-08-26
Estate manager/land agent,Smith and Sons,2003-07-07
Neurosurgeon,Ramos-Jones,2012-04-15
Local government officer,Hendrix LLC,2007-05-05
Midwife,"Torres, Smith and Harris",2004-12-15
Health and safety inspector,Fischer-Thompson,2008-01-03
Web designer,"Rodriguez, Thompson and Wright",2007-12-01
Financial trader,Barnes LLC,2001-06-29
Financial manager,Cervantes-Rosario,2003-03-12
Ranger/warden,Thompson-Garcia,2014-02-18
"Administrator, local government",Phillips-Huff,2024-08-10
Freight forwarder,Garza Group,2001-05-02
"Engineer, civil (contracting)",Saunders and Sons,2018-06-02
"Buyer, industrial",Brown-Berry,2010-12-12
"Designer, jewellery","Perry, Gray and Harris",2020-03-24
Paediatric nurse,"Carson, Keller and Cox",2023-01-11
Civil Service administrator,Miles-Smith,2010-06-30
Fine artist,Banks-Bender,2006-01-15
Media planner,Moran-Figueroa,2006-07-08
Call centre manager,Greer-Bowman,2021-07-08
"Surveyor, building control","Davis, Johnson and Henderson",2024-03-25
Child psychotherapist,Morrow-Perez,2018-10-17
Trade mark attorney,"Strong, Brooks and Martinez",2024-02-23
"Engineer, materials","Wright, Garza and Russell",2005-06-02
Primary school teacher,Gates-Harrell,2007-07-06
Animator,"Baker, Armstrong and Wright",2005-08-21
"Sound technician, broadcasting/film/video","Williams, Chapman and Baker",2007-01-03
"Engineer, materials",Miller-Romero,2017-12-25
Clinical psychologist,Massey Group,2015-04-08
Air traffic controller,Price-Moore,2004-06-12
"Engineer, water",Figueroa LLC,2000-11-01
"Therapist, nutritional",Wood-Williams,2020-09-13
Location manager,Johnson Ltd,2020-09-05
"Geologist, wellsite","Martin, Perez and Nicholson",2013-06-20
Estate manager/land agent,Bowen-Jackson,2017-05-21
Broadcast journalist,Sims and Sons,2015-06-30
Merchant navy officer,"Brown, Swanson and Garcia",2020-04-11
Environmental health practitioner,Curtis-Davis,2018-01-05
Forest/woodland manager,Butler-Gonzales,2008-04-18
"Accountant, chartered management","Morales, Davis and Price",2012-01-21
Farm manager,Bennett-Johnson,2009-03-30
Translator,"Ferguson, Mcpherson and Phelps",2021-08-28
Tax adviser,Jones Inc,2007-05-24
Financial manager,"Conley, Kelly and Lee",2008-07-19
Statistician,"Myers, Torres and Ruiz",2000-01-15
Health promotion specialist,Wong-Reed,2008-04-05
"Lighting technician, broadcasting/film/video","Day, James and Burgess",2020-01-09
Higher education careers adviser,"Brown, Parker and Smith",2011-06-29
"Research officer, government",Powers-Shields,2002-03-12
"Investment banker, corporate",Garcia-Byrd,2021-11-04
Health and safety inspector,Lee Ltd,2014-01-24
"Psychologist, forensic",Parker-Harrison,2022-10-17
Art gallery manager,Stokes Group,2012-05-20
Radiation protection practitioner,Zavala LLC,2010-05-24
Midwife,"Smith, Vega and Brown",2003-02-02
"Engineer, broadcasting (operations)",Fields LLC,2010-03-04
Insurance claims handler,Henry LLC,2012-09-29
Multimedia programmer,"Mcmillan, Hansen and Sanchez",2021-10-14
Minerals surveyor,Garza-Harper,2015-08-07
Contracting civil engineer,Huynh-Dorsey,2001-02-15
Agricultural engineer,Fisher Group,2004-05-10
Public librarian,"Lee, Roach and Walter",2022-10-18
Stage manager,"Orr, Little and Jones",2007-05-02
Media planner,"Booth, Rhodes and Fitzpatrick",2005-12-23
Furniture conservator/restorer,"Garrett, Allen and Welch",2015-08-26
Lawyer,Marshall PLC,2022-09-15
Company secretary,Green Group,2003-08-10
Dancer,Moss-Turner,2017-02-23
Medical illustrator,Daniels PLC,2005-01-26
Chief Financial Officer,"Luna, Hernandez and Juarez",2006-03-20
"Buyer, retail",Day-Taylor,2011-06-30
Agricultural consultant,Pierce-Baird,2005-12-20
Electrical engineer,Simon and Sons,2008-11-23
Immunologist,"Shannon, Rodriguez and Klein",2021-04-04
Horticultural consultant,Johnson-Wilcox,2001-11-02
Mudlogger,Gray-Reyes,2012-04-25
Publishing copy,Chavez and Sons,2005-08-23
Geophysical data processor,"Williams, Wells and Quinn",2015-08-23
Chartered accountant,Valencia-Brown,2003-04-10
Marketing executive,Keith Group,2002-05-04
Financial manager,Johnson PLC,2024-08-14
Sports development officer,Fritz Group,2003-07-31
"Lighting technician, broadcasting/film/video",Torres Ltd,2012-07-15
"Scientist, forensic",Daniel-Anderson,2008-06-29
Financial risk analyst,"Davis, Hughes and Farrell",2017-05-19
Emergency planning/management officer,"Swanson, Edwards and Ferguson",2024-12-14
Planning and development surveyor,"Perez, Bell and Jackson",2002-05-22
"Pharmacist, hospital","Lee, Combs and Villa",2019-10-26
Ecologist,Macdonald PLC,2008-03-19
"Engineer, civil (contracting)","Jones, Russell and Ward",2016-01-10
"Therapist, drama","Taylor, Weaver and Lewis",2022-11-28
Chartered legal executive (England and Wales),"Rice, Huffman and Pena",2015-11-15
"Administrator, Civil Service",Reed and Sons,2005-12-20
"Research officer, trade union","Parker, Cowan and Fritz",2006-01-12
"Designer, graphic",Caldwell Inc,2015-06-22
Chemical engineer,Wright-Johnson,2012-05-23
"Doctor, general practice",Davis-Harris,2005-07-19
Chemical engineer,Hernandez-Schmidt,2012-05-08
"Editor, film/video","Wolfe, Young and Mills",2019-07-31
Bonds trader,"Tate, Howell and Brown",2014-02-07
Dealer,Lester-Ayers,2010-11-16
Contracting civil engineer,Robinson-Woods,2021-08-14
Copy,Shannon and Sons,2013-01-13
Public relations officer,"Dennis, Mccall and Perry",2020-09-05
Chief Strategy Officer,Tucker-Rodgers,2009-01-26
Herpetologist,"Clark, Jones and Brady",2013-02-04
Lawyer,"Moore, Burke and Johnson",2005-07-04
Stage manager,Moore-Marsh,2012-11-06
Risk manager,Marquez Inc,2009-05-08
Office manager,Cantu PLC,2006-01-24
Interpreter,Herrera-Nelson,2009-09-26
Automotive engineer,Robinson-Mejia,2008-11-17
Medical technical officer,Parker-West,2015-01-24
"Scientist, research (medical)",Hurley LLC,2007-09-29
Records manager,"Flores, Arnold and Munoz",2018-01-31
Advertising art director,Oneal-Bennett,2023-07-01
"Doctor, general practice",Smith-Hooper,2018-03-04
Manufacturing systems engineer,Schwartz-Graham,2015-06-29
Hotel manager,"Barnett, Townsend and Bowman",2008-12-05
Medical laboratory scientific officer,"Knight, Hall and Alvarez",2004-02-29
Corporate investment banker,"Hill, Roberts and Tucker",2000-08-04
Investment analyst,Baldwin Inc,2008-11-16
International aid/development worker,Ward LLC,2021-08-19
Audiological scientist,Grimes Group,2019-07-23
"Conservator, museum/gallery",Caldwell-Young,2000-10-13
Educational psychologist,"Stuart, Frye and Patterson",2004-01-08
Osteopath,"Johnson, Page and Campos",2005-10-11
Financial adviser,"Kennedy, Sloan and Chen",2017-06-10
Health and safety inspector,Leach LLC,2001-10-02
Physiological scientist,Stanley and Sons,2018-10-21
Musician,"Mccormick, Browning and Smith",2007-02-28
Best boy,Brown Group,2009-09-12
Press photographer,Werner-Adams,2004-02-17
Minerals surveyor,"Harris, Williams and Guerra",2021-12-26
"Geneticist, molecular",Mcfarland-Smith,2011-03-24
Food technologist,Lopez-Rush,2019-03-11
Midwife,Mccann PLC,2002-12-05
Arboriculturist,Armstrong-Sanchez,2002-01-17
Theme park manager,"Taylor, Simpson and Woodward",2004-09-27
"Scientist, marine",Powers PLC,2013-07-27
"Journalist, newspaper",Yang-Lopez,2005-03-09
"Engineer, petroleum","Arroyo, Walker and Carr",2007-09-16
"Psychologist, clinical",Rodriguez Inc,2016-05-05
Network engineer,Nguyen and Sons,2024-02-20
Hydrogeologist,"Hansen, Harvey and Cordova",2024-10-28
Community development worker,Shaffer-Sanders,2009-04-16
Historic buildings inspector/conservation officer,Giles-Harrison,2004-02-09
"Secretary, company",Faulkner-Clark,2008-07-19
Tour manager,Villa Ltd,2019-12-05
Television production assistant,Brown-Savage,2017-11-27
Ceramics designer,Watson-Floyd,2003-06-12
Optometrist,"Mejia, Johnson and Bush",2015-12-11
Field trials officer,Key Group,2005-08-29
"Administrator, sports","Tyler, Brown and Campos",2002-11-13
Ship broker,"Walker, Reynolds and Pierce",2017-08-03
Civil Service fast streamer,Walton-Reid,2023-03-28
Hydrographic surveyor,Russell PLC,2012-06-22
Software engineer,Nash Inc,2004-01-09
Structural engineer,"Melton, Moss and Austin",2001-07-20
Social worker,Williams-Lin,2005-09-05
Building control surveyor,"Brooks, Vargas and Alvarez",2019-03-10
Proofreader,Tucker-Smith,2005-07-17
Estate manager/land agent,Clements and Sons,2023-08-10
"Teacher, English as a foreign language","Valentine, Powell and Rose",2001-05-20
Print production planner,"Gonzalez, Bright and Travis",2020-07-12
Chartered legal executive (England and Wales),"Irwin, Brown and Ramirez",2017-06-15
Hospital pharmacist,Lawrence Ltd,2019-01-17
"Geologist, engineering",Martinez-Mitchell,2023-12-21
"Scientist, physiological",Haley Inc,2022-03-02
Senior tax professional/tax inspector,Stone-Scott,2009-10-28
Acupuncturist,Cardenas LLC,2001-10-11
Learning disability nurse,"Moreno, Hall and Williams",2003-01-11
Professor Emeritus,Mcintyre Group,2011-05-07
Music tutor,Caldwell-Wilson,2016-04-24
Telecommunications researcher,Sanders-Guzman,2009-08-25
Records manager,Thompson-Nichols,2001-10-14
Museum/gallery exhibitions officer,"Mendoza, Molina and Young",2002-02-20
Meteorologist,Garrett-Johnston,2009-12-01
Drilling engineer,Jackson PLC,2009-06-15
Conference centre manager,Patton Group,2013-01-18
Publishing rights manager,Church and Sons,2003-04-04
"Engineer, structural",Sanchez Ltd,2010-05-21
Metallurgist,English-Mckee,2013-07-21
"Surveyor, minerals",Davis-Roberts,2003-02-15
"Horticulturist, amenity",Patterson-Welch,2016-01-23
Tree surgeon,Lopez PLC,2020-07-29
Water engineer,Wells Group,2011-06-07
"Horticulturist, commercial",Shah and Sons,2020-06-19
Primary school teacher,"Collins, Dixon and Morris",2006-04-10
"Administrator, education",Hines Inc,2004-07-09
Civil Service fast streamer,Williams-Barron,2016-12-12
Passenger transport manager,"Garza, Neal and Little",2004-03-09
Learning mentor,Schmidt PLC,2007-03-05
Production engineer,Hicks-Bell,2004-09-19
Water engineer,"Stein, Marquez and Brooks",2015-02-18
"Development worker, international aid",Richardson PLC,2008-09-09
Associate Professor,Olson Ltd,2016-01-11
Secondary school teacher,"Burns, Phillips and Wells",2000-03-19
"Administrator, sports","Rogers, Caldwell and Thompson",2010-01-27
"Copywriter, advertising",Ray-Avila,2019-06-26
Educational psychologist,Love Inc,2019-11-16
Market researcher,Martinez LLC,2004-01-29
Mental health nurse,Wright-Gibbs,2022-06-17
Research scientist (life sciences),Smith Inc,2001-02-09
Biomedical scientist,"Williams, Reese and Graham",2020-11-06
Chartered loss adjuster,Mitchell-Fletcher,2012-08-06
Insurance risk surveyor,Roberts PLC,2008-10-04
Chartered management accountant,"Mcintosh, Woodward and Sexton",2011-05-31
"Teacher, special educational needs","Ruiz, Moore and Garner",2022-06-10
Print production planner,George-Garcia,2005-02-24
Advertising art director,Sullivan-Kramer,2002-02-05
Wellsite geologist,"Yoder, Martinez and Liu",2011-01-26
Gaffer,Gonzales-Wilson,2017-03-17
Charity officer,Ford Group,2015-10-19
"Accountant, chartered","Adams, Castro and Martin",2005-11-01
Research scientist (physical sciences),Smith-Smith,2016-07-25
Broadcast presenter,Zuniga-Saunders,2018-12-22
Insurance broker,Malone Inc,2003-09-11
"Secretary, company","Burgess, Hanson and Martin",2003-07-26
Copy,"Morrison, Castaneda and Galloway",2016-12-21
Local government officer,Ortiz-Scott,2011-12-19
Curator,"Medina, Price and Cabrera",2014-09-16
Furniture designer,Herrera-Bailey,2000-05-19
Police officer,"Heath, Kirby and Porter",2016-02-15
"Editor, magazine features",Friedman and Sons,2004-03-08
"Designer, ceramics/pottery","King, Meyers and Harrington",2017-06-23
Minerals surveyor,Stewart-Stuart,2013-07-15
Tourist information centre manager,"Cortez, Hall and Christensen",2007-11-09
Horticultural therapist,Schmidt PLC,2024-11-25
"Lecturer, higher education",Huang-Grant,2011-03-28
Oceanographer,"Riley, Banks and Campbell",2013-12-09
Hotel manager,Gallagher-Ray,2007-05-06
"Lecturer, higher education","Wolf, Luna and Jackson",2024-02-19
Insurance underwriter,Malone-Burke,2012-09-19
Equality and diversity officer,Duncan Group,2020-06-19
Fashion designer,"Rollins, Clements and Jones",2012-09-06
Nature conservation officer,Ryan-Smith,2024-08-27
"Designer, exhibition/display",Dudley LLC,2003-04-25
Charity fundraiser,Carter PLC,2017-10-15
Dancer,"Simmons, Fitzgerald and Townsend",2006-05-31
"Doctor, general practice",Butler Inc,2009-08-07
"Scientist, biomedical",Cooper Group,2013-12-06
Secondary school teacher,Velez-Bradshaw,2018-04-15
Neurosurgeon,Sanchez LLC,2008-11-13
Research scientist (life sciences),"Olsen, Forbes and Turner",2004-06-06
"Engineer, land","Delacruz, Sherman and Morales",2007-05-25
Banker,Collins-Weiss,2013-10-12
Facilities manager,Manning PLC,2008-01-28
Location manager,"Erickson, Elliott and Lopez",2014-11-26
"Designer, multimedia",Watson-Gamble,2007-12-23
"Administrator, charities/voluntary organisations",Gray Inc,2001-09-10
Electronics engineer,Morris-Baker,2012-03-15
Building control surveyor,Sanchez and Sons,2011-08-17
Chartered legal executive (England and Wales),"Alexander, Savage and Spencer",2024-01-29
Social researcher,Morales Group,2008-08-09
Biomedical scientist,Dorsey PLC,2024-09-10
Retail buyer,"Hays, Turner and Bartlett",2022-03-02
Chartered loss adjuster,Martinez Group,2013-01-24
Magazine journalist,Benson-Burnett,2017-01-17
Fine artist,Bennett Group,2007-10-16
Commissioning editor,"Simmons, Reynolds and Hughes",2002-06-12
Counsellor,Houston-Case,2017-09-17
"Therapist, nutritional",Singh LLC,2011-08-03
"Designer, fashion/clothing",Campbell-Porter,2006-10-13
Sub,"Perez, Anderson and Perez",2018-08-28
Information officer,"Roth, Johnson and Lucas",2012-05-24
Health service manager,Leon Ltd,2013-10-23
Estate manager/land agent,Dixon-Obrien,2008-05-24
Emergency planning/management officer,Mendoza-Mccall,2012-08-14
Government social research officer,Lopez and Sons,2003-10-25
Mental health nurse,"Torres, Newman and Shah",2016-05-15
Financial adviser,"Blevins, Barnes and Carpenter",2009-08-09
Careers information officer,Carrillo PLC,2024-09-03
"Engineer, civil (consulting)",King-Arroyo,2012-11-25
Aeronautical engineer,Davis PLC,2010-02-20
Fashion designer,Bryan LLC,2001-12-23
Tax adviser,"Marks, Mclaughlin and Hunt",2015-06-01
Retail buyer,Richards and Sons,2010-11-20
"Designer, interior/spatial","Schwartz, Young and Gonzales",2013-04-12
"Designer, exhibition/display","Blackwell, Clark and Macdonald",2024-05-26
Analytical chemist,Mclaughlin-Barber,2012-07-04
Environmental health practitioner,Gomez-Nguyen,2024-04-17
"Therapist, horticultural","Rivera, Taylor and Robinson",2017-03-13
Careers adviser,Garcia Ltd,2017-03-01
Dramatherapist,"Torres, Johnson and Humphrey",2003-03-08
Dealer,Martinez PLC,2010-12-28
Production manager,Garcia Inc,2014-02-28
Music tutor,Morrow-Contreras,2009-07-02
Insurance account manager,"Horn, Rodriguez and Mcguire",2022-04-11
"Engineer, biomedical",Cooper-Rios,2004-01-12
Public relations officer,Mercado-Pineda,2014-09-23
Proofreader,Hayes-Ramirez,2018-01-20
Regulatory affairs officer,Anderson LLC,2002-07-16
Counsellor,Jones Ltd,2011-08-23
Occupational hygienist,Sanchez-Flores,2015-05-25
Museum/gallery exhibitions officer,"Oliver, Parker and Ross",2007-11-10
"Administrator, local government","Romero, Williams and Rodriguez",2012-08-29
Armed forces technical officer,Mcclain PLC,2022-12-10
Architectural technologist,"Ward, Chavez and Perry",2022-01-01
Special educational needs teacher,Lowery Group,2012-02-19
Theatre stage manager,Hawkins-Bryant,2023-06-19
Product/process development scientist,Riley Inc,2007-12-12
"Designer, exhibition/display","Hooper, Parsons and Robinson",2009-04-19
"Nurse, children's",Green and Sons,2008-08-09
Writer,Hall Group,2001-06-12
"Engineer, automotive","Perez, Washington and Mann",2015-05-05
"Programmer, applications",Jones Ltd,2014-09-13
Landscape architect,Robinson-Brown,2024-01-17
Recycling officer,Massey-Robinson,2014-09-23
Food technologist,Martinez-Wagner,2001-08-11
"Development worker, community",Jones-Meyers,2010-12-03
Audiological scientist,Carpenter-Alexander,2021-01-22
Publishing copy,"Huber, Turner and Rios",2014-01-22
Recruitment consultant,Oliver-Bryant,2007-12-02
Corporate treasurer,Smith-Mays,2024-02-28
Interpreter,Mccarthy-Weiss,2023-12-27
"Engineer, manufacturing systems","Ramos, Gonzales and Evans",2018-02-02
Financial trader,"Davis, Aguilar and Anderson",2006-03-21
Chief Technology Officer,Rodriguez and Sons,2009-12-22
"Geologist, wellsite","Arias, Ramirez and Rogers",2007-05-14
"Geneticist, molecular","Garcia, Cruz and Anderson",2004-04-29
Research scientist (maths),"Smith, Grant and Jackson",2023-08-06
Dentist,Wolfe-Martinez,2018-08-21
Higher education lecturer,Howard-Olson,2021-08-14
Curator,Jones Inc,2024-10-17
Call centre manager,Vazquez-Mitchell,2003-06-29
Clinical cytogeneticist,"Mcintyre, Sanchez and French",2020-10-07
Seismic interpreter,"Olson, Adams and Price",2024-04-28
Financial planner,"Smith, Bennett and Reed",2009-12-18
Counsellor,"Peterson, Nelson and Jackson",2004-12-23
Armed forces technical officer,Marquez-Kent,2006-09-17
Tourism officer,"George, Taylor and Carter",2022-01-11
Financial manager,Crawford and Sons,2017-10-27
Amenity horticulturist,Smith-Vazquez,2000-08-12
Operational researcher,Golden-Moore,2017-03-17
Interpreter,Martin Inc,2007-08-31
Futures trader,"Martin, Kirk and Scott",2020-07-16
Warden/ranger,Reyes Group,2002-02-09
Estate agent,"Mclaughlin, Washington and Oneill",2019-06-11
"Administrator, sports",Krueger Group,2019-12-01
Contractor,Burnett-Watkins,2006-06-17
Agricultural engineer,"Smith, Wagner and Gonzalez",2021-04-29
"Engineer, site","Downs, Berger and Kelly",2024-10-13
Licensed conveyancer,Ewing LLC,2007-06-11
Medical illustrator,Preston-Dean,2005-03-19
"Psychologist, educational",Martinez-Gonzalez,2016-03-09
"Psychologist, clinical",Watson Group,2003-11-27
Dramatherapist,Miller LLC,2008-07-01
Youth worker,"Diaz, Kerr and Miller",2000-10-19
Trade mark attorney,Willis Ltd,2006-04-08
Camera operator,Osborn Ltd,2003-02-13
"Civil engineer, consulting",Reid and Sons,2020-11-13
Financial planner,Wu and Sons,2018-07-22
Primary school teacher,Orr-Martin,2014-06-09
Building control surveyor,Miller-Davis,2018-06-09
"Teacher, adult education",Thomas-Roberts,2024-08-19
"Administrator, education",Williams-Williams,2002-11-08
Banker,Lee Ltd,2019-03-11
